Time (PDT),RA (Deg),Dec (Deg),Az (Deg),Alt (Deg),Distance (Km),Eclipse %
2025-03-09 19:00:00-07:00,18.220433275903915,10.92853868619083,264.3633184588673,28.899312423354935,253238.1837291726,0%
2025-03-09 19:01:00-07:00,18.2218297972395,10.92957650246554,264.51158605309416,28.69201079485008,253316.40440819736,0%
2025-03-09 19:02:00-07:00,18.22324636852083,10.930611608580513,264.6594495235681,28.484672482520807,253394.64916536747,0%
2025-03-09 19:03:00-07:00,18.22468301756404,10.931644023682535,264.8069150617874,28.277299062219946,253472.9176248583,0%
2025-03-09 19:04:00-07:00,18.226139771734914,10.932673766936063,264.95398879793356,28.069892096010168,253551.20941008106,0%
2025-03-09 19:05:00-07:00,18.227616657973968,10.933700857522684,265.10067680185193,27.86245313244129,253629.52414369115,0%
2025-03-09 19:06:00-07:00,18.22911370276618,10.93472531464077,265.2469850840344,27.654983706799122,253707.86144759555,0%
2025-03-09 19:07:00-07:00,18.23063093217714,10.935747157505014,265.3929195965566,27.447485341394803,253786.22094295855,0%
2025-03-09 19:08:00-07:00,18.232168371816655,10.936766405346047,265.5384862340429,27.239959545791063,253864.60225021423,0%
2025-03-09 19:09:00-07:00,18.2337260468626,10.937783077409975,265.6836908345814,27.03240781707501,253943.0049890689,0%
2025-03-09 19:10:00-07:00,18.235303982056628,10.938797192958017,265.82853918064393,26.824831640102023,254021.42877851304,0%
2025-03-09 19:11:00-07:00,18.236902201701284,10.939808771266142,265.9730369999854,26.617232487745696,254099.87323682735,0%
2025-03-09 19:12:00-07:00,18.23852072965138,10.9408178316245,266.11718996654577,26.40961182112028,254178.33798159126,0%
2025-03-09 19:13:00-07:00,18.240159589339463,10.941824393337129,266.2610037013074,26.20197108984715,254256.82262969002,0%
2025-03-09 19:14:00-07:00,18.24181880374977,10.942828475721518,266.4044837731751,25.99431173226513,254335.32679732298,0%
2025-03-09 19:15:00-07:00,18.243498395430418,10.943830098108258,266.54763569982106,25.786635175670675,254413.85010001328,0%
2025-03-09 19:16:00-07:00,18.24519838649572,10.94482927984049,266.69046494852336,25.578942836545668,254492.39215261265,0%
2025-03-09 19:17:00-07:00,18.246918798619983,10.94582604027361,266.8329769369938,25.371236120780004,254570.95256931093,0%
2025-03-09 19:18:00-07:00,18.248659653034405,10.94682039877481,266.9751770342008,25.163516423881045,254649.53096364497,0%
2025-03-09 19:19:00-07:00,18.25042097054997,10.947812374722796,267.1170705611538,24.95578513121836,254728.12694850436,0%
2025-03-09 19:20:00-07:00,18.25220277152545,10.948801987507169,267.25866279171896,24.74804361820293,254806.7401361409,0%
2025-03-09 19:21:00-07:00,18.25400507588463,10.949789256528131,267.39995895338757,24.540293250515933,254885.370138177,0%
2025-03-09 19:22:00-07:00,18.255827903126693,10.950774201196161,267.54096422804116,24.332535384323307,254964.0165656109,0%
2025-03-09 19:23:00-07:00,18.257671272302414,10.95175684093151,267.681683752722,24.124771366463104,255042.67902882857,0%
2025-03-09 19:24:00-07:00,18.259535202031607,10.952737195163754,267.82212262037416,23.91700253465648,255121.3571376081,0%
2025-03-09 19:25:00-07:00,18.261419710500554,10.953715283331551,267.96228588058193,23.70923021770615,255200.05050112965,0%
2025-03-09 19:26:00-07:00,18.26332481546145,10.95469112488213,268.1021785402946,23.50145573569515,255278.75872798293,0%
2025-03-09 19:27:00-07:00,18.265250534222876,10.955664739270858,268.24180556455343,23.29368040016461,255357.48142617536,0%
2025-03-09 19:28:00-07:00,18.267196883673158,10.956636145961008,268.38117187718075,23.085905514331184,255436.21820313914,0%
2025-03-09 19:29:00-07:00,18.26916388025237,10.957605364423117,268.5202823614967,22.878132373244814,255514.96866574086,0%
2025-03-09 19:30:00-07:00,18.271151539976685,10.9585724141348,268.6591418609907,22.670362263997383,255593.73242028707,0%
2025-03-09 19:31:00-07:00,18.273159878424302,10.959537314580315,268.79775518000764,22.46259646589308,255672.50907253567,0%
2025-03-09 19:32:00-07:00,18.275188910742408,10.960500085250038,268.93612708441293,22.25483625063277,255751.29822769965,0%
2025-03-09 19:33:00-07:00,18.27723865163895,10.961460745640206,269.0742623022544,22.04708288248789,255830.09949045957,0%
2025-03-09 19:34:00-07:00,18.279309115402647,10.96241931525253,269.21216552440217,21.83933761849085,255908.9124649678,0%
2025-03-09 19:35:00-07:00,18.28140031587678,10.963375813593684,269.3498414052063,21.631601708582988,255987.7367548581,0%
2025-03-09 19:36:00-07:00,18.283512266478564,10.964330260175002,269.4872945631157,21.42387639580572,256066.57196325483,0%
2025-03-09 19:37:00-07:00,18.285644980194824,10.965282674512087,269.6245295813055,21.216162916463293,256145.4176927776,0%
2025-03-09 19:38:00-07:00,18.287798469582828,10.966233076124398,269.7615510082911,21.008462500290815,256224.2735455522,0%
2025-03-09 19:39:00-07:00,18.28997274676141,10.967181484534859,269.8983633585407,20.80077637061038,256303.13912321886,0%
2025-03-09 19:40:00-07:00,18.29216782342897,10.968127919269559,270.03497111306467,20.593105744506452,256382.01402693792,0%
2025-03-09 19:41:00-07:00,18.294383710849306,10.969072399857144,270.1713787200091,20.385451832982596,256460.8978573978,0%
2025-03-09 19:42:00-07:00,18.296620419851237,10.970014945828751,270.3075905952467,20.177815841106714,256539.7902148279,0%
2025-03-09 19:43:00-07:00,18.29887796085106,10.970955576717328,270.4436111229334,19.970198968194758,256618.69069899846,0%
2025-03-09 19:44:00-07:00,18.301156343820086,10.9718943120574,270.5794446560958,19.76260240793515,256697.59890923518,0%
2025-03-09 19:45:00-07:00,18.30345557830799,10.972831171384719,270.7150955171771,19.55502734856202,256776.51444442628,0%
2025-03-09 19:46:00-07:00,18.305775673438283,10.97376617423581,270.85056799859245,19.347474973001297,256855.43690302654,0%
2025-03-09 19:47:00-07:00,18.30811663790832,10.97469934014757,270.98586636327514,19.139946459018024,256934.3658830695,0%
2025-03-09 19:48:00-07:00,18.310478479980482,10.97563068865694,271.1209948452141,18.932442979364726,257013.30098217397,0%
2025-03-09 19:49:00-07:00,18.31286120750462,10.976560239300614,271.25595764998076,18.72496570193311,257092.24179755143,0%
2025-03-09 19:50:00-07:00,18.315264827891067,10.97748801161443,271.3907589552618,18.51751578988433,257171.18792601515,0%
2025-03-09 19:51:00-07:00,18.31768934813398,10.97841402513321,271.52540291136563,18.310094401808225,257250.13896398814,0%
2025-03-09 19:52:00-07:00,18.320134774803982,10.979338299390328,271.65989364173765,18.102702691857615,257329.09450750853,0%
2025-03-09 19:53:00-07:00,18.322601114038772,10.980260853917247,271.79423524346606,17.895341809883767,257408.05415224197,0%
2025-03-09 19:54:00-07:00,18.32508837155373,10.98118170824329,271.9284317877793,17.68801290157576,257487.01749348766,0%
2025-03-09 19:55:00-07:00,18.32759655265491,10.982100881895175,272.0624873205239,17.480717108616776,257565.98412618323,0%
2025-03-09 19:56:00-07:00,18.330125662208392,10.983018394396671,272.19640586267207,17.273455568785177,257644.95364491825,0%
2025-03-09 19:57:00-07:00,18.33267570466915,10.983934265268188,272.3301914107811,17.066229416117768,257723.92564393827,0%
2025-03-09 19:58:00-07:00,18.335246684066096,10.984848514026535,272.4638479374768,16.859039781026397,257802.89971715445,0%
2025-03-09 19:59:00-07:00,18.33783860400949,10.985761160184442,272.59737939191353,16.651887790440615,257881.8754581516,0%
2025-03-09 20:00:00-07:00,18.34045146768407,10.986672223250173,272.7307897002429,16.444774567924267,257960.85246019508,0%
2025-03-09 20:01:00-07:00,18.34308527786139,10.987581722727255,272.86408276606056,16.237701233819344,258039.83031623907,0%
2025-03-09 20:02:00-07:00,18.345740036892284,10.988489678114084,272.9972624708615,16.03066890536478,258118.80861893616,0%
2025-03-09 20:03:00-07:00,18.34841574670523,10.989396108903554,273.1303326744834,15.823678696824318,258197.78696064386,0%
2025-03-09 20:04:00-07:00,18.351112408817148,10.990301034582673,273.2632972155413,15.61673171961851,258276.7649334308,0%
2025-03-09 20:05:00-07:00,18.353830024318484,10.99120447463226,273.396159911871,15.409829082434094,258355.74212909015,0%
2025-03-09 20:06:00-07:00,18.356568593891588,10.99210644852654,273.52892456094554,15.202971891365449,258434.71813914142,0%
2025-03-09 20:07:00-07:00,18.359328117796547,10.993006975732778,273.6615949403074,14.996161250023334,258513.69255484294,0%
2025-03-09 20:08:00-07:00,18.362108595884106,10.993906075711058,273.7941748079797,14.7893982596668,258592.6649671964,0%
2025-03-09 20:09:00-07:00,18.364910027579516,10.994803767913657,273.92666790289024,14.582684019306631,258671.63496695957,0%
2025-03-09 20:10:00-07:00,18.367732411908168,10.995700071785008,274.05907794526047,14.376019625855266,258750.6021446458,0%
2025-03-09 20:11:00-07:00,18.370575747467445,10.996595006761105,274.1914086370335,14.169406174206893,258829.56609054309,0%
2025-03-09 20:12:00-07:00,18.373440032453388,10.99748859226937,274.3236636622528,13.962844757386796,258908.52639471332,0%
2025-03-09 20:13:00-07:00,18.376325264639075,10.998380847727981,274.4558466874707,13.75633646664559,258987.4826470035,0%
2025-03-09 20:14:00-07:00,18.379231441396307,10.99927179254592,274.5879613621262,13.549882391594215,259066.4344370539,0%
2025-03-09 20:15:00-07:00,18.382158559674263,11.000161446122304,274.72001131894257,13.34348362029916,259145.38135430537,0%
2025-03-09 20:16:00-07:00,18.385106616025837,11.001049827846217,274.8520001742961,13.137141239416504,259224.32298800742,0%
2025-03-09 20:17:00-07:00,18.388075606579815,11.001936957096314,274.9839315286023,12.930856334289922,259303.25892722592,0%
2025-03-09 20:18:00-07:00,18.391065527065518,11.002822853240533,275.1158089666841,12.724629989070461,259382.18876085142,0%
2025-03-09 20:19:00-07:00,18.394076372802132,11.00370753563563,275.2476360581406,12.518463286827442,259461.1120776074,0%
2025-03-09 20:20:00-07:00,18.39710813869876,11.004591023626913,275.37941635771335,12.312357309656868,259540.02846605665,0%
2025-03-09 20:21:00-07:00,18.40016081925894,11.005473336547931,275.51115340564456,12.106313138795223,259618.93751461152,0%
2025-03-09 20:22:00-07:00,18.40323440857861,11.006354493720075,275.6428507280349,11.900331854726971,259697.83881153943,0%
2025-03-09 20:23:00-07:00,18.406328900354794,11.007234514452367,275.7745118371928,11.694414537299144,259776.7319449731,0%
2025-03-09 20:24:00-07:00,18.40944428786419,11.008113418040876,275.9061402319926,11.488562265814767,259855.616502916,0%
2025-03-09 20:25:00-07:00,18.412580564001356,11.008991223768701,276.03773939820127,11.28277611917012,259934.49207325178,0%
2025-03-09 20:26:00-07:00,18.415737721238226,11.00986795090538,276.16931280884324,11.077057175925095,260013.35824375317,0%
2025-03-09 20:27:00-07:00,18.418915751654612,11.010743618706693,276.3008639245198,10.871406514438767,260092.21460208643,0%
2025-03-09 20:28:00-07:00,18.42211464692814,11.011618246414272,276.4323961937513,10.66582521296368,260171.06073582324,0%
2025-03-09 20:29:00-07:00,18.42533439832951,11.012491853255371,276.5639130533074,10.460314349752432,260249.89623244622,0%
2025-03-09 20:30:00-07:00,18.42857499673139,11.01336445844232,276.6954179285349,10.25487500316216,260328.72067935616,0%
2025-03-09 20:31:00-07:00,18.4318364326145,11.014236081172522,276.8269142336763,10.049508251768296,260407.533663882,0%
2025-03-09 20:32:00-07:00,18.435118696049585,11.015106740627843,276.9584053721995,9.844215174455066,260486.33477328805,0%
2025-03-09 20:33:00-07:00,18.43842177671572,11.01597645597438,277.0898947371089,9.638996850529216,260565.12359478042,0%
2025-03-09 20:34:00-07:00,18.441745663893638,11.016845246362308,277.2213857112628,9.433854359819186,260643.89971551683,0%
2025-03-09 20:35:00-07:00,18.44509034646851,11.01771313092519,277.35288166768066,9.228788782784218,260722.66272261227,0%
2025-03-09 20:36:00-07:00,18.44845581292293,11.01858012878006,277.4843859698604,9.023801200603458,260801.41220315004,0%
2025-03-09 20:37:00-07:00,18.451842051360856,11.01944625902681,277.6159019720679,8.818892695302484,260880.1477441847,0%
2025-03-09 20:38:00-07:00,18.455249049474627,11.020311540748065,277.7474330196588,8.61406434982485,260958.8689327558,0%
2025-03-09 20:39:00-07:00,18.458676794574682,11.021175993008734,277.8789824493603,8.40931724816132,261037.57535589096,0%
2025-03-09 20:40:00-07:00,18.462125273574312,11.022039634855785,278.01055358957785,8.204652475435791,261116.26660061482,0%
2025-03-09 20:41:00-07:00,18.465594472996425,11.022902485317884,278.1421497606865,8.00007111800939,261194.94225395913,0%
2025-03-09 20:42:00-07:00,18.4690843789734,11.023764563405079,278.27377427532036,7.795574263583788,261273.60190296752,0%
2025-03-09 20:43:00-07:00,18.47259497724619,11.024625888108554,278.4054304386629,7.591163001299367,261352.24513470504,0%
2025-03-09 20:44:00-07:00,18.47612625316961,11.025486478400241,278.5371215487292,7.386838421839601,261430.87153626417,0%
2025-03-09 20:45:00-07:00,18.47967819170905,11.02634635323256,278.6688508966515,7.182601617527675,261509.480694775,0%
2025-03-09 20:46:00-07:00,18.483250777446234,11.027205531538145,278.8006217669584,6.978453682428621,261588.07219741237,0%
2025-03-09 20:47:00-07:00,18.486843994565184,11.028064032229423,278.93243743785445,6.774395712445499,261666.64563140104,0%
2025-03-09 20:48:00-07:00,18.490457826875762,11.028921874198442,279.06430118149194,6.570428805425029,261745.20058402713,0%
2025-03-09 20:49:00-07:00,18.494092257800396,11.029779076316442,279.1962162642456,6.366554061254045,261823.73664264253,0%
2025-03-09 20:50:00-07:00,18.497747270374244,11.030635657433734,279.3281859469848,6.162772581956256,261902.253394676,0%
2025-03-09 20:51:00-07:00,18.501422847253128,11.031491636379206,279.4602134853374,5.959085471797517,261980.75042763722,0%
2025-03-09 20:52:00-07:00,18.505118970713394,11.032347031960189,279.59230212995624,5.75549383738419,262059.22732912775,0%
2025-03-09 20:53:00-07:00,18.50883562263988,11.03320186296196,279.7244551267906,5.551998787749457,262137.68368684637,0%
2025-03-09 20:54:00-07:00,18.51257278454512,11.034056148147718,279.856675717332,5.348601434476269,262216.1190885983,0%
2025-03-09 20:55:00-07:00,18.516330437563244,11.034909906258022,279.98896713888485,5.145302891777665,262294.5331223006,0%
2025-03-09 20:56:00-07:00,18.520108562444925,11.03576315601068,280.1213326248208,4.942104276599544,262372.92537599383,0%
2025-03-09 20:57:00-07:00,18.52390713956736,11.03661591610042,280.25377540483,4.739006708724887,262451.2954378458,0%
2025-03-09 20:58:00-07:00,18.527726148931727,11.037468205198545,280.38629870517457,4.5360113108700695,262529.6428961607,0%
2025-03-09 20:59:00-07:00,18.531565570156538,11.038320041952653,280.5189057489442,4.333119208776557,262607.9673393874,0%
2025-03-09 21:00:00-07:00,18.53542538249403,11.039171444986481,280.65159975629354,4.130331531325732,262686.2683561262,0%
2025-03-09 21:01:00-07:00,18.539305564816317,11.040022432899399,280.7843839446977,3.927649410623656,262764.5455351364,0%
2025-03-09 21:02:00-07:00,18.54320609562759,11.040873024266313,280.91726152919176,3.725073982107536,262842.79846534337,0%
2025-03-09 21:03:00-07:00,18.54712695305636,11.041723237637266,281.0502357226149,3.5226063846408735,262921.0267358485,0%
2025-03-09 21:04:00-07:00,18.55106811486241,11.042573091537243,281.1833097358497,3.320247760615153,262999.2299359339,0%
2025-03-09 21:05:00-07:00,18.555029558430434,11.043422604465848,281.31648677806027,3.1179992560482495,263077.40765507286,0%
2025-03-09 21:06:00-07:00,18.559011260782444,11.04427179489701,281.44977005692766,2.915862020685803,263155.55948293355,0%
2025-03-09 21:07:00-07:00,18.56301319857199,11.045120681278746,281.5831627788842,2.7138372081008018,263233.6850093896,0%
2025-03-09 21:08:00-07:00,18.5670353480753,11.045969282032852,281.71666814935327,2.511925975781723,263311.78382452816,0%
2025-03-09 21:09:00-07:00,18.57107768522034,11.046817615554673,281.85028937296204,2.310129485260901,263389.855518654,0%
2025-03-09 21:10:00-07:00,18.575140185552808,11.047665700212713,281.98402965379387,2.1084489021773076,263467.89968230046,0%
2025-03-09 21:11:00-07:00,18.57922282426211,11.048513554348558,282.1178921955965,1.9068853964068442,263545.9159062349,0%
2025-03-09 21:12:00-07:00,18.583325576172566,11.049361196276461,282.2518802020176,1.7054401421460577,263623.90378146776,0%
2025-03-09 21:13:00-07:00,18.58744841574785,11.050208644283043,282.3859968768236,1.5041143180206988,263701.8628992575,0%
2025-03-09 21:14:00-07:00,18.591591317083566,11.051055916627174,282.52024542412687,1.3029091071780028,263779.7928511218,0%
2025-03-09 21:15:00-07:00,18.595754253927716,11.051903031539593,282.6546290485966,1.101825697401714,263857.69322884135,0%
2025-03-09 21:16:00-07:00,18.59993719965608,11.052750007222684,282.7891509556858,0.9008652812006288,263935.56362446904,0%
2025-03-09 21:17:00-07:00,18.604140127291256,11.05359686185022,282.9238143518462,0.7000290559122075,264013.4036303381,0%
2025-03-09 21:18:00-07:00,18.6083630094995,11.054443613566997,283.05862244474076,0.4993182238092015,264091.2128390672,0%
2025-03-09 21:19:00-07:00,18.612605818592048,11.055290280488817,283.1935784434576,0.29873399219987257,264168.99084357073,0%
2025-03-09 21:20:00-07:00,18.616868526515873,11.056136880701883,283.3286855587278,0.09827757352174891,264246.7372370634,0%
2025-03-09 21:21:00-07:00,18.621151104876247,11.05698343226295,283.4639470031239,-0.10204981453811136,264324.4516130704,0%
2025-03-09 21:22:00-07:00,18.625453524915784,11.057829953198617,283.5993659912815,-0.3022469489605521,264402.1335654318,0%
2025-03-09 21:23:00-07:00,18.629775757526854,11.058676461505494,283.73494574009504,-0.502312601273355,264479.782688312,0%
2025-03-09 21:24:00-07:00,18.634117773254516,11.059522975149662,283.8706894689299,-0.7022455374587633,264557.39857620676,0%
2025-03-09 21:25:00-07:00,18.638479542286728,11.06036951206656,284.006600399827,-0.9020445178502131,264634.9808239506,0%
2025-03-09 21:26:00-07:00,18.642861034465554,11.061216090160611,284.14268175770053,-1.101708297021974,264712.52902672277,0%
2025-03-09 21:27:00-07:00,18.647262219286343,11.062062727305172,284.2789367705402,-1.3012356236863587,264790.04278005566,0%
2025-03-09 21:28:00-07:00,18.651683065898027,11.062909441342082,284.4153686696099,-1.5006252405889347,264867.5216798426,0%
2025-03-09 21:29:00-07:00,18.6561235430965,11.063756250081493,284.5519806896512,-1.699875884411247,264944.9653223448,0%
2025-03-09 21:30:00-07:00,18.660583619340855,11.064603171301703,284.6887760690679,-1.898986285649096,265022.37330419687,0%
2025-03-09 21:31:00-07:00,18.665063262739842,11.065450222748769,284.82575805013084,-2.097955168520906,265099.7452224166,0%
2025-03-09 21:32:00-07:00,18.66956244106578,11.066297422136401,284.96292987916456,-2.296781250852661,265177.08067441115,0%
2025-03-09 21:33:00-07:00,18.674081121739842,11.067144787145537,285.10029480674547,-2.4954632439808844,265254.3792579837,0%
2025-03-09 21:34:00-07:00,18.67861927185272,11.067992335424377,285.2378560878818,-2.6939998526303492,265331.6405713416,0%
2025-03-09 21:35:00-07:00,18.683176858144904,11.068840084587833,285.3756169822138,-2.8923897748243714,265408.8642131033,0%
2025-03-09 21:36:00-07:00,18.687753847028254,11.069688052217547,285.5135807541865,-3.090631701755827,265486.04978230485,0%
2025-03-09 21:37:00-07:00,18.69235020456563,11.070536255861477,285.6517506732518,-3.2887243177030245,265563.1968784078,0%
2025-03-09 21:38:00-07:00,18.69696589649603,11.071384713033842,285.79013001403325,-3.4866662998931828,265640.3051013067,0%
2025-03-09 21:39:00-07:00,18.70160088821239,11.072233441214681,285.92872205652594,-3.684456318418407,265717.37405133503,0%
2025-03-09 21:40:00-07:00,18.70625514478229,11.073082457849733,286.0675300862642,-3.882093036107222,265794.4033292724,0%
2025-03-09 21:41:00-07:00,18.710928630924705,11.073931780350243,286.2065573945118,-4.079575108430113,265871.3925363541,0%
2025-03-09 21:42:00-07:00,18.71562131104783,11.074781426092716,286.3458072784238,-4.276901183365232,265948.34127427486,0%
2025-03-09 21:43:00-07:00,18.720333149211804,11.075631412418515,286.4852830412404,-4.474069901313547,266025.2491451978,0%
2025-03-09 21:44:00-07:00,18.725064109148498,11.076481756633926,286.624987992452,-4.671079894972791,266102.1157517618,0%
2025-03-09 21:45:00-07:00,18.729814154271523,11.077332476009712,286.7649254479684,-4.867929789219606,266178.94069708645,0%
2025-03-09 21:46:00-07:00,18.734583247653212,11.078183587780963,286.90509873029714,-5.064618201007579,266255.7235847815,0%
2025-03-09 21:47:00-07:00,18.73937135204855,11.079035109146867,287.04551116870977,-5.2611437392477525,266332.4640189531,0%
2025-03-09 21:48:00-07:00,18.744178429880776,11.079887057270517,287.186166099412,-5.457505004697819,266409.16160420945,0%
2025-03-09 21:49:00-07:00,18.749004443254904,11.080739449278683,287.3270668657049,-5.6537005898405495,266485.8159456702,0%
2025-03-09 21:50:00-07:00,18.753849353940574,11.081592302261447,287.4682168181595,-5.849729078781904,266562.4266489721,0%
2025-03-09 21:51:00-07:00,18.758713123403272,11.082445633272277,287.60961931476277,-6.045589047111393,266638.9933202742,0%
2025-03-09 21:52:00-07:00,18.763595712771473,11.083299459327558,287.75127772110017,-6.2412790618149945,266715.51556626946,0%
2025-03-09 21:53:00-07:00,18.768497082857646,11.08415379740648,287.89319541049724,-6.436797681133336,266791.99299418594,0%
2025-03-09 21:54:00-07:00,18.773417194156107,11.085008664450793,288.03537576418864,-6.632143454459309,266868.4252117994,0%
2025-03-09 21:55:00-07:00,18.778356006846813,11.085864077364617,288.1778221714664,-6.827314922208693,266944.8118274348,0%
2025-03-09 21:56:00-07:00,18.7833134807837,11.086720053014242,288.320538029844,-7.022310615714422,267021.15244997805,0%
2025-03-09 21:57:00-07:00,18.78828957551629,11.087576608227877,288.46352674519596,-7.217129057089561,267097.44668887946,0%
2025-03-09 21:58:00-07:00,18.79328425027184,11.088433759795524,288.60679173192017,-7.411768759122849,267173.6941541621,0%
2025-03-09 21:59:00-07:00,18.798297463964758,11.08929152446857,288.7503364130836,-7.606228225152992,267249.8944564278,0%
2025-03-09 22:00:00-07:00,18.803329175200673,11.090149918959854,288.8941642205609,-7.800505948936589,267326.04720686463,0%
2025-03-09 22:01:00-07:00,18.808379342271014,11.091008959943307,289.03827859519356,-7.994600414543846,267402.15201725444,0%
2025-03-09 22:02:00-07:00,18.81344792315543,11.091868664053706,289.18268298692476,-8.188510096225668,267478.20849997835,0%
2025-03-09 22:03:00-07:00,18.81853487553307,11.092729047886584,289.32738085493764,-8.382233458285036,267554.21626802254,0%
2025-03-09 22:04:00-07:00,18.823640156765965,11.093590127997983,289.4723756678042,-8.575768954966655,267630.1749349883,0%
2025-03-09 22:05:00-07:00,18.828763723910313,11.0944519209042,289.61767090361735,-8.769115030324778,267706.0841150965,0%
2025-03-09 22:06:00-07:00,18.833905533723176,11.09531444308172,289.76327005012007,-8.962270118089728,267781.943423194,0%
2025-03-09 22:07:00-07:00,18.83906554265121,11.096177710966893,289.9091766048508,-9.155232641558326,267857.7524747615,0%
2025-03-09 22:08:00-07:00,18.844243706841013,11.097041740955737,290.05539407526294,-9.34800101345167,267933.51088591927,0%
2025-03-09 22:09:00-07:00,18.849439982137717,11.097906549403884,290.2019259788606,-9.540573635796788,268009.2182734351,0%
2025-03-09 22:10:00-07:00,18.854654324083224,11.098772152626236,290.34877584332384,-9.732948899796837,268084.87425473006,0%
2025-03-09 22:11:00-07:00,18.859886687918774,11.099638566896818,290.4959472066333,-9.92512518570249,268160.4784478851,0%
2025-03-09 22:12:00-07:00,18.865137028592866,11.100505808448622,290.6434436171856,-10.11710086267363,268236.0304716476,0%
2025-03-09 22:13:00-07:00,18.870405300747752,11.101373893473374,290.79126863392594,-10.308874288666193,268311.5299454388,0%
2025-03-09 22:14:00-07:00,18.875691458738824,11.10224283812136,290.939425826452,-10.500443810283544,268386.97648935835,0%
2025-03-09 22:15:00-07:00,18.88099545661701,11.103112658501274,291.08791877513863,-10.691807762657337,268462.3697241955,0%
2025-03-09 22:16:00-07:00,18.886317248150384,11.103983370679975,291.23675107124205,-10.882964469304934,268537.70927142916,0%
2025-03-09 22:17:00-07:00,18.891656786797643,11.104854990682286,291.38592631702073,-11.073912242010676,268612.9947532395,0%
2025-03-09 22:18:00-07:00,18.89701402574779,11.105727534490967,291.5354481258251,-11.264649380668693,268688.2257925125,0%
2025-03-09 22:19:00-07:00,18.90238891787865,11.106601018046245,291.68532012222374,-11.455174173177328,268763.40201284725,0%
2025-03-09 22:20:00-07:00,18.90778141579569,11.107475457245934,291.8355459420843,-11.645484895276292,268838.5230385597,0%
2025-03-09 22:21:00-07:00,18.913191471803596,11.108350867945093,291.9861292326912,-11.835579810434393,268913.5884946954,0%
2025-03-09 22:22:00-07:00,18.918619037926238,11.109227265955862,292.13707365282465,-12.025457169691412,268988.59800702793,0%
2025-03-09 22:23:00-07:00,18.924064065898044,11.110104667047285,292.2883828728693,-12.21511521153968,269063.551202071,0%
2025-03-09 22:24:00-07:00,18.929526507177982,11.110983086945183,292.44006057489,-12.404552161767835,269138.4477070831,0%
2025-03-09 22:25:00-07:00,18.935006312927346,11.1118625413319,292.59211045273594,-12.593766233342762,269213.28715007467,0%
2025-03-09 22:26:00-07:00,18.940503434039506,11.112743045846237,292.74453621210637,-12.7827556262468,269288.0691598122,0%
2025-03-09 22:27:00-07:00,18.94601782111907,11.113624616083134,292.8973415706463,-12.97151852735577,269362.7933658272,0%
2025-03-09 22:28:00-07:00,18.951549424487208,11.114507267593638,293.05053025802073,-13.160053110293566,269437.4593984223,0%
2025-03-09 22:29:00-07:00,18.95709819419876,11.115391015884626,293.2041060159817,-13.348357535280968,269512.06688867445,0%
2025-03-09 22:30:00-07:00,18.962664080018975,11.116275876418745,293.35807259844836,-13.536429949004043,269586.61546844634,0%
2025-03-09 22:31:00-07:00,18.968247031441486,11.117161864614067,293.5124337715729,-13.724268484469219,269661.1047703874,0%
2025-03-09 22:32:00-07:00,18.973846997686266,11.118048995844166,293.6671933138014,-13.911871260855209,269735.53442794515,0%
2025-03-09 22:33:00-07:00,18.979463927702227,11.11893728543773,293.8223550159347,-14.099236383368602,269809.9040753664,0%
2025-03-09 22:34:00-07:00,18.985097770152453,11.11982674867848,293.9779226811949,-14.286361943111165,269884.213347708,0%
2025-03-09 22:35:00-07:00,18.99074847344685,11.120717400805113,294.1339001252596,-14.473246016910077,269958.4618808405,0%
2025-03-09 22:36:00-07:00,18.996415985710538,11.121609257010906,294.2902911763322,-14.659886667198123,270032.64931145404,0%
2025-03-09 22:37:00-07:00,19.002100254805157,11.122502332443782,294.4470996751689,-14.846281941843445,270106.7752770668,0%
2025-03-09 22:38:00-07:00,19.007801228325288,11.123396642205995,294.6043294751324,-15.032429874017367,270180.8394160287,0%
2025-03-09 22:39:00-07:00,19.01351885360046,11.124292201354066,294.7619844422214,-15.218328482036817,270254.8413675288,0%
2025-03-09 22:40:00-07:00,19.019253077685775,11.125189024898566,294.92006845511264,-15.40397576922595,270328.7807716024,0%
2025-03-09 22:41:00-07:00,19.025003847386916,11.126087127804002,295.0785854051738,-15.589369723748476,270402.65726913407,0%
2025-03-09 22:42:00-07:00,19.030771109229416,11.12698652498861,295.23753919650574,-15.774508318478325,270476.4705018674,0%
2025-03-09 22:43:00-07:00,19.036554809489076,11.127887231324246,295.39693374594816,-15.95938951083299,270550.2201124088,0%
2025-03-09 22:44:00-07:00,19.042354894177297,11.128789261636221,295.5567729830981,-16.144011242625705,270623.90574423346,0%
2025-03-09 22:45:00-07:00,19.048171309048815,11.129692630703156,295.7170608503217,-16.328371439916133,270697.52704169264,0%
2025-03-09 22:46:00-07:00,19.05400399958989,11.130597353256722,295.87780130276434,-16.512468012862694,270771.08365001925,0%
2025-03-09 22:47:00-07:00,19.059852911048633,11.131503443981739,296.0389983083331,-16.696298855549294,270844.57521533273,0%
2025-03-09 22:48:00-07:00,19.06571798839857,11.13241091751578,296.20065584771345,-16.879861845856475,270918.0013846472,0%
2025-03-09 22:49:00-07:00,19.071599176363506,11.133319788449095,296.36277791434827,-17.063154845294346,270991.3618058755,0%
2025-03-09 22:50:00-07:00,19.077496419423984,11.134230071324554,296.52536851441516,-17.246175698840098,271064.65612783603,0%
2025-03-09 22:51:00-07:00,19.083409661793002,11.135141780637326,296.68843166682444,-17.428922234803654,271137.8840002579,0%
2025-03-09 22:52:00-07:00,19.08933884744828,11.136054930834954,296.8519714031687,-17.611392264645477,271211.0450737877,0%
2025-03-09 22:53:00-07:00,19.095283920104837,11.136969536317048,297.0159917677118,-17.793583582843855,271284.1389999959,0%
2025-03-09 22:54:00-07:00,19.101244823236616,11.137885611435166,297.18049681733777,-17.97549396672414,271357.1654313797,0%
2025-03-09 22:55:00-07:00,19.107221500062856,11.13880317049272,297.34549062151467,-18.15712117631,271430.1240213746,0%
2025-03-09 22:56:00-07:00,19.113213893569203,11.139722227744823,297.5109772622311,-18.33846295415202,271503.0144243522,0%
2025-03-09 22:57:00-07:00,19.119221946482668,11.140642797398057,297.6769608339573,-18.519517025188655,271575.83629563416,0%
2025-03-09 22:58:00-07:00,19.125245601296648,11.14156489361052,297.84344544356793,-18.700281096572542,271648.5892914928,0%
2025-03-09 22:59:00-07:00,19.131284800255656,11.142488530491498,298.0104352102761,-18.880752857516146,271721.2730691582,0%
2025-03-09 23:00:00-07:00,19.13733948536942,11.143413722101487,298.1779342655588,-19.0609299791342,271793.88728682365,0%
2025-03-09 23:01:00-07:00,19.1434095983975,11.144340482451879,298.34594675307824,-19.240810114289694,271866.4316036535,0%
2025-03-09 23:02:00-07:00,19.14949508087353,11.145268825505024,298.5144768285769,-19.420390897418375,271938.9056797855,0%
2025-03-09 23:03:00-07:00,19.15559587408442,11.146198765173981,298.68352865979557,-19.599669944385365,272011.3091763388,0%
2025-03-09 23:04:00-07:00,19.161711919082176,11.147130315322379,298.85310642636125,-19.77864485231765,272083.64175542013,0%
2025-03-09 23:05:00-07:00,19.167843156687596,11.148063489764303,299.0232143196744,-19.95731319944319,272155.9030801267,0%
2025-03-09 23:06:00-07:00,19.17398952748474,11.1489983022642,299.1938565427869,-20.135672544928294,272228.0928145522,0%
2025-03-09 23:07:00-07:00,19.18015097181898,11.149934766536694,299.36503731028716,-20.313720428730875,272300.21062379755,0%
2025-03-09 23:08:00-07:00,19.1863274298206,11.150872896246566,299.5367608481408,-20.491454371415106,272372.25617396925,0%
2025-03-09 23:09:00-07:00,19.19251884137463,11.151812705008435,299.70903139357125,-20.668871874016848,272444.22913218924,0%
2025-03-09 23:10:00-07:00,19.198725146138017,11.15275420638678,299.8818531948956,-20.845970417870223,272516.1291665997,0%
2025-03-09 23:11:00-07:00,19.204946283550463,11.153697413895792,300.05523051135674,-21.022747464440275,272587.95594636817,0%
2025-03-09 23:12:00-07:00,19.21118219281756,11.154642340999255,300.2291676129683,-21.19920045517692,272659.70914169325,0%
2025-03-09 23:13:00-07:00,19.217432812917984,11.155589001110332,300.4036687803275,-21.375326811346525,272731.3884238098,0%
2025-03-09 23:14:00-07:00,19.223698082609015,11.156537407591546,300.5787383044279,-21.55112393387104,272802.99346499465,0%
2025-03-09 23:15:00-07:00,19.229977940429364,11.157487573754656,300.754380486462,-21.726589203168228,272874.5239385729,0%
2025-03-09 23:16:00-07:00,19.236272324685,11.158439512860383,300.93059963762346,-21.90171997900002,272945.97951892065,0%
2025-03-09 23:17:00-07:00,19.242581173477994,11.159393238118621,301.107400078873,-22.07651360029493,273017.3598814746,0%
2025-03-09 23:18:00-07:00,19.248904424672467,11.160348762687846,301.28478614073407,-22.250967385010725,273088.6647027332,0%
2025-03-09 23:19:00-07:00,19.255242015927877,11.161306099675455,301.46276216303875,-22.42507862995734,273159.8936602642,0%
2025-03-09 23:20:00-07:00,19.261593884682732,11.162265262137335,301.6413324946916,-22.5988446106486,273231.0464327104,0%
2025-03-09 23:21:00-07:00,19.26795996816325,11.163226263077945,301.82050149340483,-22.77226258113636,273302.1226997937,0%
2025-03-09 23:22:00-07:00,19.27434020337202,11.164189115450087,302.00027352544583,-22.945329773867734,273373.12214232114,0%
2025-03-09 23:23:00-07:00,19.280734527112863,11.165153832154768,302.1806529653337,-23.118043399504643,273444.0444421891,0%
2025-03-09 23:24:00-07:00,19.287142875965028,11.166120426041228,302.36164419557684,-23.29040064679291,273514.8892823901,0%
2025-03-09 23:25:00-07:00,19.293565186302242,11.167088909906662,302.54325160635386,-23.462398682390223,273585.6563470189,0%
2025-03-09 23:26:00-07:00,19.300001394290693,11.168059296496283,302.7254795952054,-23.634034650715005,273656.345321273,0%
2025-03-09 23:27:00-07:00,19.30645143588785,11.169031598502965,302.9083325667114,-23.805305673794827,273726.9558914634,0%
2025-03-09 23:28:00-07:00,19.312915246840923,11.170005828567406,303.09181493215425,-23.976208851112276,273797.48774501705,0%
2025-03-09 23:29:00-07:00,19.319392762697866,11.170981999277904,303.2759311091646,-24.146741259448298,273867.9405704807,0%
2025-03-09 23:30:00-07:00,19.325883918795753,11.171960123170141,303.46068552137154,-24.316899952741682,273938.3140575294,0%
2025-03-09 23:31:00-07:00,19.332388650266367,11.172940212727243,303.64608259802225,-24.486681961933137,274008.60789697064,0%
2025-03-09 23:32:00-07:00,19.33890689205431,11.173922280379587,303.8321267735835,-24.656084294805876,274078.8217807454,0%
2025-03-09 23:33:00-07:00,19.34543857888866,11.174906338504718,304.0188224873637,-24.82510393585852,274148.95540193986,0%
2025-03-09 23:34:00-07:00,19.351983645301516,11.175892399427228,304.20617418308564,-24.993737846146743,274219.0084547848,0%
2025-03-09 23:35:00-07:00,19.358542025633184,11.176880475418653,304.3941863084586,-25.16198296313742,274288.9806346643,0%
2025-03-09 23:36:00-07:00,19.365113654023407,11.177870578697481,304.5828633147365,-25.329836200565108,274358.8716381188,0%
2025-03-09 23:37:00-07:00,19.37169846441034,11.17886272142876,304.7722096562758,-25.49729444830238,274428.6811628508,0%
2025-03-09 23:38:00-07:00,19.37829639055013,11.17985691572435,304.96222979004364,-25.664354572200033,274498.4089077284,0%
2025-03-09 23:39:00-07:00,19.384907365996096,11.180853173642587,305.15292817515217,-25.831013413965252,274568.05457279406,0%
2025-03-09 23:40:00-07:00,19.391531324111007,11.18185150718827,305.34430927234996,-25.99726779101742,274637.6178592647,0%
2025-03-09 23:41:00-07:00,19.398168198069424,11.182851928312559,305.5363775435067,-26.16311449635308,274707.0984695401,0%
2025-03-09 23:42:00-07:00,19.404817920857713,11.183854448912808,305.7291374510859,-26.32855029841532,274776.49610720563,0%
2025-03-09 23:43:00-07:00,19.411480425264756,11.184859080832597,305.922593457598,-26.493571940963136,274845.81047703815,0%
2025-03-09 23:44:00-07:00,19.41815564390656,11.18586583586156,306.1167500250339,-26.658176142938203,274915.0412850111,0%
2025-03-09 23:45:00-07:00,19.424843509199423,11.186874725735223,306.311611614299,-26.8223595983504,274984.1882382992,0%
2025-03-09 23:46:00-07:00,19.431543953384782,11.187885762135041,306.50718268460275,-26.98611897613967,275053.25104528206,0%
2025-03-09 23:47:00-07:00,19.438256908514767,11.188898956688181,306.7034676928591,-27.149450920065753,275122.2294155501,0%
2025-03-09 23:48:00-07:00,19.444982306466965,11.18991432096762,306.9004710930491,-27.31235204858112,275191.12305990973,0%
2025-03-09 23:49:00-07:00,19.45172007892232,11.190931866491725,307.0981973355892,-27.474818954727986,275259.9316903866,0%
2025-03-09 23:50:00-07:00,19.458470157404555,11.191951604724569,307.296650866641,-27.63684820600183,275328.6550202305,0%
2025-03-09 23:51:00-07:00,19.465232473240167,11.192973547075466,307.4958361274642,-27.798436344270183,275397.29276392254,0%
2025-03-09 23:52:00-07:00,19.47200695758436,11.193997704899118,307.69575755369493,-27.95957988564659,275465.844637176,0%
2025-03-09 23:53:00-07:00,19.478793541427525,11.19502408949547,307.896419574626,-28.120275320385215,275534.3103569436,0%
2025-03-09 23:54:00-07:00,19.48559215556098,11.19605271210952,308.0978266124955,-28.28051911280025,275602.6896414218,0%
2025-03-09 23:55:00-07:00,19.492402730623166,11.197083583931402,308.29998308170207,-28.440307701144466,275670.9822100541,0%
2025-03-09 23:56:00-07:00,19.49922519707374,11.198116716096175,308.50289338804794,-28.59963749752952,275739.18778353644,0%
2025-03-09 23:57:00-07:00,19.506059485203828,11.199152119683818,308.7065619279414,-28.75850488783275,275807.30608382286,0%
2025-03-09 23:58:00-07:00,19.512905525125998,11.20018980571902,308.91099308758965,-28.916906231615727,275875.3368341287,0%
2025-03-09 23:59:00-07:00,19.519763246798302,11.201229785171265,309.1161912421497,-29.074837862028925,275943.27975893323,0%
2025-03-10 00:00:00-07:00,19.52663257999698,11.202272068954557,309.32216075490055,-29.23229608575409,276011.1345839901,0%
2025-03-10 00:01:00-07:00,19.53351345434296,11.203316667927531,309.52890597634746,-29.389277182911943,276078.901036324,0%
2025-03-10 00:02:00-07:00,19.540405799285843,11.204363592893257,309.7364312433427,-29.54577740700475,276146.5788442418,0%
2025-03-10 00:03:00-07:00,19.54730954411458,11.205412854599112,309.9447408781632,-29.701792984845504,276214.16773733235,0%
2025-03-10 00:04:00-07:00,19.55422461795695,11.206464463736916,310.15383918758016,-29.857320116500876,276281.66744647553,0%
2025-03-10 00:05:00-07:00,19.561150949777495,11.207518430942548,310.3637304618949,-30.012354975231776,276349.0777038402,0%
2025-03-10 00:06:00-07:00,19.56808846837715,11.208574766796062,310.5744189739759,-30.16689370745347,276416.3982428947,0%
2025-03-10 00:07:00-07:00,19.575037102404558,11.209633481821607,310.78590897824216,-30.320932432678593,276483.6287984077,0%
2025-03-10 00:08:00-07:00,19.581996780349638,11.210694586487312,310.99820470964977,-30.47446724348327,276550.7691064542,0%
2025-03-10 00:09:00-07:00,19.588967430542077,11.21175809120519,311.2113103826503,-30.627494205474868,276617.8189044184,0%
2025-03-10 00:10:00-07:00,19.59594898116292,11.212824006331042,311.4252301901164,-30.780009357257338,276684.7779309988,0%
2025-03-10 00:11:00-07:00,19.602941360232176,11.213892342164462,311.6399683022669,-30.932008710418426,276751.6459262127,0%
2025-03-10 00:12:00-07:00,19.60994449562156,11.214963108948655,311.85552886553677,-31.083488249499553,276818.4226313989,0%
2025-03-10 00:13:00-07:00,19.616958315050983,11.216036316870518,312.0719160014605,-31.234443931997713,276885.1077892243,0%
2025-03-10 00:14:00-07:00,19.6239827460898,11.217111976060387,312.2891338055064,-31.384871688355386,276951.7011436866,0%
2025-03-10 00:15:00-07:00,19.63101771615605,11.218190096592075,312.5071863458999,-31.53476742196544,277018.20244011807,0%
2025-03-10 00:16:00-07:00,19.638063152529053,11.219270688482792,312.7260776624099,-31.684127009173352,277084.6114251895,0%
2025-03-10 00:17:00-07:00,19.645118982329,11.220353761692994,312.94581176514095,-31.83294629930653,277150.9278469172,0%
2025-03-10 00:18:00-07:00,19.652185132540893,11.221439326126488,313.166392633264,-31.981221114684466,277217.1514546636,0%
2025-03-10 00:19:00-07:00,19.659261529999487,11.222527391630091,313.3878242137525,-32.12894725065677,277283.2819991422,0%
2025-03-10 00:20:00-07:00,19.666348101403315,11.223617967993844,313.61011042007465,-32.27612047563445,277349.3192324224,0%
2025-03-10 00:21:00-07:00,19.673444773298804,11.22471106495069,313.8332551308901,-32.42273653114806,277415.2629079337,0%
2025-03-10 00:22:00-07:00,19.68055147210631,11.225806692176631,314.05726218867693,-32.56879113188314,277481.1127804684,0%
2025-03-10 00:23:00-07:00,19.68766812409477,11.226904859290544,314.282135398388,-32.714279965759744,277546.8686061875,0%
2025-03-10 00:24:00-07:00,19.694794655399516,11.228005575854018,314.5078785260372,-32.859198693989,277612.5301426214,0%
2025-03-10 00:25:00-07:00,19.701930992021296,11.229108851371548,314.7344952972893,-33.00354295115717,277678.09714867774,0%
2025-03-10 00:26:00-07:00,19.709077059826402,11.2302146952902,314.9619893960151,-33.147308345311046,277743.5693846428,0%
2025-03-10 00:27:00-07:00,19.716232784536594,11.231323116999684,315.190364462831,-33.290490458058095,277808.94661218557,0%
2025-03-10 00:28:00-07:00,19.72339809175881,11.232434125832356,315.41962409358877,-33.43308484465905,277874.228594363,0%
2025-03-10 00:29:00-07:00,19.7305729069528,11.2335477310629,315.64977183788744,-33.5750870341596,277939.4150956215,0%
2025-03-10 00:30:00-07:00,19.737757155450282,11.23466394190856,315.88081119751394,-33.716492529501345,278004.5058818035,0%
2025-03-10 00:31:00-07:00,19.744950762461553,11.235782767528912,316.1127456248808,-33.85729680765633,278069.5007201497,0%
2025-03-10 00:32:00-07:00,19.75215365305847,11.23690421702578,316.34557852145196,-33.99749531977866,278134.39937930164,0%
2025-03-10 00:33:00-07:00,19.759365752196274,11.238028299443293,316.579313236112,-34.13708349134598,278199.2016293083,0%
2025-03-10 00:34:00-07:00,19.76658698469443,11.23915502376773,316.8139530635522,-34.276056722337024,278263.90724162845,0%
2025-03-10 00:35:00-07:00,19.77381727525797,11.24028439892753,317.0495012425842,-34.41441038738878,278328.5159891323,0%
2025-03-10 00:36:00-07:00,19.78105654845744,11.241416433793074,317.2859609544906,-34.55213983600265,278393.0276461086,0%
2025-03-10 00:37:00-07:00,19.788304728755456,11.242551137176905,317.523335321286,-34.68924039272019,278457.4419882668,0%
2025-03-10 00:38:00-07:00,19.795561740469548,11.243688517828103,317.76162740402407,-34.825707357358674,278521.7587925778,0%
2025-03-10 00:39:00-07:00,19.802827507837005,11.244828584453437,318.0008402009977,-34.96153600517672,278585.97783792653,0%
2025-03-10 00:40:00-07:00,19.81010195494538,11.245971345685799,318.2409766460125,-35.096721587170954,278650.0989041447,0%
2025-03-10 00:41:00-07:00,19.817385005773865,11.247116810105048,318.4820396065671,-35.23125933027983,278714.1217726599,0%
2025-03-10 00:42:00-07:00,19.824676584180633,11.248264986232781,318.72403188203486,-35.365144437645135,278778.0462263385,0%
2025-03-10 00:43:00-07:00,19.831976613920528,11.249415882532226,318.9669562018219,-35.49837208887856,278841.87204948947,0%
2025-03-10 00:44:00-07:00,19.839285018625908,11.250569507408196,319.21081522351597,-35.63093744034692,278905.59902786574,0%
2025-03-10 00:45:00-07:00,19.846601721818715,11.251725869207071,319.45561153099453,-35.762835625459914,278969.22694867116,0%
2025-03-10 00:46:00-07:00,19.8539266469117,11.252884976216713,319.70134763252247,-35.894061754975844,279032.7556005614,0%
2025-03-10 00:47:00-07:00,19.86125971720946,11.254046836666406,319.94802595882874,-36.02461091732049,279096.18477364705,0%
2025-03-10 00:48:00-07:00,19.868600855899004,11.255211458726828,320.195648861177,-36.15447817892632,279159.5142594997,0%
2025-03-10 00:49:00-07:00,19.875949986073895,11.256378850510039,320.44421860937024,-36.28365858456036,279222.7438511513,0%
2025-03-10 00:50:00-07:00,19.88330703070745,11.257549020069222,320.69373738981403,-36.412147157707295,279285.87334310194,0%
2025-03-10 00:51:00-07:00,19.890671912678254,11.258721975398966,320.944207303484,-36.53993890092459,279348.9025313205,0%
2025-03-10 00:52:00-07:00,19.898044554756094,11.259897724434941,321.19563036392844,-36.66702879624032,279411.83121324773,0%
2025-03-10 00:53:00-07:00,19.90542487960906,11.261076275053897,321.4480084952297,-36.7934118055521,279474.65918779984,0%
2025-03-10 00:54:00-07:00,19.912812809805786,11.262257635073766,321.7013435299568,-36.919082871044644,279537.3862553747,0%
2025-03-10 00:55:00-07:00,19.920208267810356,11.2634418122534,321.9556372071035,-37.044036915622286,279600.0122178496,0%
2025-03-10 00:56:00-07:00,19.927611175992322,11.264628814292735,322.21089117001105,-37.16826884335646,279662.5368785888,0%
2025-03-10 00:57:00-07:00,19.93502145661896,11.265818648832498,322.46710696427505,-37.29177353994684,279724.96004244627,0%
2025-03-10 00:58:00-07:00,19.942439031870673,11.267011323454437,322.7242860356357,-37.41454587319683,279787.28151576547,0%
2025-03-10 00:59:00-07:00,19.949863823820344,11.268206845681012,322.98242972788154,-37.53658069351595,279849.50110638666,0%
2025-03-10 01:00:00-07:00,19.957295754452485,11.269405222975534,323.2415392806988,-37.65787283441808,279911.61862364825,0%
2025-03-10 01:01:00-07:00,19.964734745659488,11.270606462742013,323.5016158275478,-37.77841711305272,279973.6338783891,0%
2025-03-10 01:02:00-07:00,19.972180719243433,11.271810572325167,323.7626603935101,-37.89820833074345,280035.5466829529,0%
2025-03-10 01:03:00-07:00,19.979633596906016,11.273017559010382,324.0246738931503,-38.01724127355238,280097.35685119045,0%
2025-03-10 01:04:00-07:00,19.987093300276946,11.274227430023624,324.2876571283191,-38.135510712837934,280159.06419846346,0%
2025-03-10 01:05:00-07:00,19.994559750882935,11.27544019253139,324.55161078603095,-38.25301140586568,280220.66854164633,0%
2025-03-10 01:06:00-07:00,20.002032870166115,11.276655853640735,324.8165354362621,-38.36973809640172,280282.1696991304,0%
2025-03-10 01:07:00-07:00,20.00951257948819,11.277874420399115,325.0824315297828,-38.48568551534001,280343.5674908253,0%
2025-03-10 01:08:00-07:00,20.016998800125915,11.279095899794509,325.3492993959797,-38.60084838134325,280404.86173816404,0%
2025-03-10 01:09:00-07:00,20.024491453264528,11.28032029875515,325.6171392406873,-38.71522140150535,280466.0522641043,0%
2025-03-10 01:10:00-07:00,20.031990460020697,11.281547624149797,325.885951143989,-38.82879927201707,280527.1388931319,0%
2025-03-10 01:11:00-07:00,20.039495741416225,11.282777882787311,326.1557350580595,-38.941576678867015,280588.1214512634,0%
2025-03-10 01:12:00-07:00,20.04700721840207,11.284011081416917,326.42649080498325,-39.053548298547426,280648.9997660478,0%
2025-03-10 01:13:00-07:00,20.054524811850914,11.285247226728018,326.6982180745838,-39.16470879878064,280709.7736665726,0%
2025-03-10 01:14:00-07:00,20.06204844255277,11.286486325350232,326.9709164222696,-39.27505283926714,280770.4429834641,0%
2025-03-10 01:15:00-07:00,20.06957803122168,11.287728383853294,327.2445852668743,-39.384575072445436,280831.007548889,0%
2025-03-10 01:16:00-07:00,20.07711349850319,11.288973408747019,327.5192238885019,-39.49327014426848,280891.4671965614,0%
2025-03-10 01:17:00-07:00,20.084654764963663,11.290221406481324,327.79483142640595,-39.601132695006214,280951.8217617401,0%
2025-03-10 01:18:00-07:00,20.092201751097303,11.291472383446063,328.07140687686257,-39.70815736005902,281012.0710812356,0%
2025-03-10 01:19:00-07:00,20.099754377330527,11.292726345971197,328.3489490910469,-39.81433877078391,281072.2149934111,0%
2025-03-10 01:20:00-07:00,20.107312564015995,11.293983300326547,328.62745677296556,-39.91967155535452,281132.2533381853,0%
2025-03-10 01:21:00-07:00,20.114876231437172,11.29524325272181,328.90692847736625,-40.024150339622736,281192.18595703447,0%
2025-03-10 01:22:00-07:00,20.122445299812533,11.29650620930665,329.1873626076805,-40.12776974800297,281252.01269299584,0%
2025-03-10 01:23:00-07:00,20.13001968929502,11.297772176170486,329.4687574139922,-40.23052440437607,281311.73339066916,0%
2025-03-10 01:24:00-07:00,20.137599319963353,11.299041159342602,329.7511109910364,-40.33240893301291,281371.3478962216,0%
2025-03-10 01:25:00-07:00,20.145184111846106,11.30031316479197,330.03442127619064,-40.433417959503366,281430.8560573865,0%
2025-03-10 01:26:00-07:00,20.152773984894875,11.301588198427378,330.3186860475352,-40.533546111717925,281490.25772346964,0%
2025-03-10 01:27:00-07:00,20.160368859009246,11.302866266097237,330.60390292191283,-40.63278802077584,281549.55274534895,0%
2025-03-10 01:28:00-07:00,20.16796865402216,11.304147373589629,330.8900693530363,-40.731138322036,281608.7409754786,0%
2025-03-10 01:29:00-07:00,20.17557328971339,11.305431526632338,331.17718262961034,-40.82859165609827,281667.82226789114,0%
2025-03-10 01:30:00-07:00,20.18318268579441,11.306718730892603,331.4652398735209,-40.92514266983273,281726.7964781987,0%
2025-03-10 01:31:00-07:00,20.190796761933118,11.308008991977374,331.7542380380069,-41.020786017406536,281785.663463597,0%
2025-03-10 01:32:00-07:00,20.198415437727892,11.309302315433003,332.04417390594784,-41.115516361353265,281844.4230828666,0%
2025-03-10 01:33:00-07:00,20.20603863273136,11.310598706745429,332.335044088112,-41.20932837363087,281903.0751963758,0%
2025-03-10 01:34:00-07:00,20.213666266444875,11.311898171340037,332.62684502150427,-41.30221673671457,281961.61966608284,0%
2025-03-10 01:35:00-07:00,20.221298258303392,11.313200714581567,332.91957296775735,-41.394176144704154,282020.056355538,0%
2025-03-10 01:36:00-07:00,20.22893452770278,11.314506341774287,333.2132240115192,-41.485201304429715,282078.3851298857,0%
2025-03-10 01:37:00-07:00,20.236574993986856,11.315815058161755,333.5077940589527,-41.575286936593194,282136.6058558671,0%
2025-03-10 01:38:00-07:00,20.244219576452227,11.317126868926932,333.80327883625216,-41.66442777691223,282194.7184018226,0%
2025-03-10 01:39:00-07:00,20.251868194339142,11.318441779191986,334.0996738882369,-41.75261857728648,282252.7226376923,0%
2025-03-10 01:40:00-07:00,20.259520766853687,11.319759794018488,334.3969745769658,-41.83985410696608,282310.6184350215,0%
2025-03-10 01:41:00-07:00,20.267177213148322,11.321080918407262,334.69517608045345,-41.92612915374736,282368.4056669595,0%
2025-03-10 01:42:00-07:00,20.274837452333365,11.322405157298208,334.99427339141806,-42.01143852517294,282426.08420826204,0%
2025-03-10 01:43:00-07:00,20.28250140347513,11.323732515570628,335.29426131611115,-42.09577704974948,282483.65393529634,0%
2025-03-10 01:44:00-07:00,20.29016898560353,11.325062998042855,335.59513447319,-42.179139578172155,282541.1147260401,0%
2025-03-10 01:45:00-07:00,20.297840117697692,11.326396609472468,335.8968872926943,-42.2615209845707,282598.4664600849,0%
2025-03-10 01:46:00-07:00,20.30551471870972,11.32773335455605,336.19951401504284,-42.342916167753394,282655.70901863655,0%
2025-03-10 01:47:00-07:00,20.313192707544896,11.329073237929368,336.5030086901593,-42.42332005247771,282712.8422845212,0%
2025-03-10 01:48:00-07:00,20.320874003072557,11.33041626416723,336.80736517661995,-42.502727590716944,282769.8661421815,0%
2025-03-10 01:49:00-07:00,20.328558524130063,11.331762437783492,337.1125771409174,-42.581133762947736,282826.78047768405,0%
2025-03-10 01:50:00-07:00,20.336246189516267,11.33311176323104,337.4186380567838,-42.658533579441794,282883.5851787167,0%
2025-03-10 01:51:00-07:00,20.343936917995244,11.33446424490166,337.72554120459915,-42.73492208156755,282940.28013459424,0%
2025-03-10 01:52:00-07:00,20.351630628307376,11.335819887126263,338.03327967086943,-42.81029434309665,282996.86523625755,0%
2025-03-10 01:53:00-07:00,20.359327239148374,11.337178694174566,338.34184634783014,-42.88464547152902,283053.3403762773,0%
2025-03-10 01:54:00-07:00,20.367026669201067,11.33854067025524,338.6512339330733,-42.957970609408264,283109.70544885367,0%
2025-03-10 01:55:00-07:00,20.37472883709971,11.339905819515922,338.9614349293319,-43.03026493566071,283165.9603498208,0%
2025-03-10 01:56:00-07:00,20.382433661464354,11.341274146043,339.2724416443004,-43.10152366692715,283222.10497664625,0%
2025-03-10 01:57:00-07:00,20.390141060883924,11.342645653861867,339.5842461905774,-43.171742058906474,283278.1392284346,0%
2025-03-10 01:58:00-07:00,20.39785095392406,11.344020346936594,339.89684048569137,-43.240915407700804,283334.06300592684,0%
2025-03-10 01:59:00-07:00,20.405563259125334,11.345398229170174,340.2102162522279,-43.30903905116587,283389.8762115051,0%
2025-03-10 02:00:00-07:00,20.413277895007557,11.346779304404317,340.5243650180503,-43.37610837026314,283445.5787491905,0%
2025-03-10 02:01:00-07:00,20.42099478006372,11.348163576419504,340.83927811662414,-43.44211879041488,283501.1705246495,0%
2025-03-10 02:02:00-07:00,20.428713832765002,11.349551048935012,341.15494668744697,-43.50706578286156,283556.6514451907,0%
2025-03-10 02:03:00-07:00,20.436434971573032,11.350941725608758,341.47136167654577,-43.57094486601261,283612.02141977026,0%
2025-03-10 02:04:00-07:00,20.444158114920988,11.352335610037494,341.7885138371433,-43.63375160681043,283667.2803589915,0%
2025-03-10 02:05:00-07:00,20.451883181229782,11.353732705756498,342.10639373036486,-43.69548162208024,283722.4281751065,0%
2025-03-10 02:06:00-07:00,20.459610088904668,11.355133016239833,342.42499172608893,-43.756130579885074,283777.464782018,0%
2025-03-10 02:07:00-07:00,20.467338756334247,11.356536544900168,342.74429800388884,-43.8156942008755,283832.39009528153,0%
2025-03-10 02:08:00-07:00,20.47506910188877,11.357943295088784,343.0643025541035,-43.87416825963921,283887.20403210574,0%
2025-03-10 02:09:00-07:00,20.482801043936995,11.359353270095609,343.3849951789753,-43.931548586038375,283941.9065113544,0%
2025-03-10 02:10:00-07:00,20.490534500827707,11.360766473149107,343.70636549394675,-43.9878310665506,283996.49745354766,0%
2025-03-10 02:11:00-07:00,20.498269390901996,11.362182907416416,344.02840292904193,-44.04301164559884,284050.9767808636,0%
2025-03-10 02:12:00-07:00,20.5060056324902,11.36360257600312,344.35109673035663,-44.0970863268738,284105.34441714006,0%
2025-03-10 02:13:00-07:00,20.51374314392023,11.365025481953444,344.67443596166896,-44.150051174649384,284159.60028787446,0%
2025-03-10 02:14:00-07:00,20.521481843506734,11.366451628250056,344.99840950617005,-44.20190231509106,284213.74432022736,0%
2025-03-10 02:15:00-07:00,20.529221649558735,11.367881017814206,345.3230060682907,-44.252635937550814,284267.77644302155,0%
2025-03-10 02:16:00-07:00,20.536962480387174,11.369313653505596,345.64821417564156,-44.3022482958518,284321.6965867449,0%
2025-03-10 02:17:00-07:00,20.544704254293315,11.370749538122361,345.9740221810841,-44.35073570956416,284375.5046835508,0%
2025-03-10 02:18:00-07:00,20.5524468895827,11.372188674401237,346.3004182648896,-44.39809456526384,284429.2006672594,0%
2025-03-10 02:19:00-07:00,20.560190304550705,11.373631065017252,346.6273904370476,-44.444321317783874,284482.78447335865,0%
2025-03-10 02:20:00-07:00,20.567934417501068,11.375076712584017,346.9549265396352,-44.48941249144273,284536.25603900786,0%
2025-03-10 02:21:00-07:00,20.575679146737134,11.376525619653462,347.2830142493404,-44.533364681264075,284589.6153030349,0%
2025-03-10 02:22:00-07:00,20.58342441056205,11.377977788715933,347.6116410800836,-44.576174554177676,284642.86220593913,0%
2025-03-10 02:23:00-07:00,20.591170127281853,11.379433222200253,347.94079438574585,-44.61783885020231,284695.99668989325,0%
2025-03-10 02:24:00-07:00,20.59891621521556,11.380891922473515,348.2704613630003,-44.65835438360983,284749.01869874477,0%
2025-03-10 02:25:00-07:00,20.60666259267723,11.382353891841301,348.6006290542724,-44.697718044072374,284801.9281780143,0%
2025-03-10 02:26:00-07:00,20.614409177992847,11.383819132547425,348.9312843507972,-44.73592679778816,284854.72507489915,0%
2025-03-10 02:27:00-07:00,20.622155889497677,11.385287646774161,349.2624139957727,-44.7729776885846,284907.4093382738,0%
2025-03-10 02:28:00-07:00,20.629902645538156,11.386759436642073,349.5940045876303,-44.808867839001365,284959.9809186895,0%
2025-03-10 02:29:00-07:00,20.637649364461822,11.388234504209997,349.9260425834219,-44.84359445135165,285012.43976837717,0%
2025-03-10 02:30:00-07:00,20.64539596464205,11.389712851475213,350.2585143022605,-44.877154808754405,285064.7858412478,0%
2025-03-10 02:31:00-07:00,20.653142364451046,11.391194480373159,350.5914059289358,-44.90954627615027,285117.0190928922,0%
2025-03-10 02:32:00-07:00,20.66088848228503,11.392679392777659,350.92470351753866,-44.940766301282146,285169.1394805823,0%
2025-03-10 02:33:00-07:00,20.66863423654911,11.394167590500796,351.25839299527235,-44.97081241565917,285221.1469632734,0%
2025-03-10 02:34:00-07:00,20.676379545672063,11.39565907529294,351.5924601662815,-44.99968223548579,285273.0415016042,0%
2025-03-10 02:35:00-07:00,20.684124328087602,11.397153848842706,351.92689071563626,-45.027373462568725,285324.8230578955,0%
2025-03-10 02:36:00-07:00,20.691868502261688,11.398651912776973,352.26167021334163,-45.05388388518962,285376.491596155,0%
2025-03-10 02:37:00-07:00,20.69961198667139,11.400153268660931,352.5967841184892,-45.079211378953076,285428.0470820751,0%
2025-03-10 02:38:00-07:00,20.707354699811383,11.401657917997827,352.93221778347555,-45.10335390760282,285479.48948303383,0%
2025-03-10 02:39:00-07:00,20.71509656021434,11.403165862229411,353.26795645826473,-45.1263095238036,285530.8187680969,0%
2025-03-10 02:40:00-07:00,20.72283748641768,11.404677102735466,353.60398529480483,-45.148076369898156,285582.0349080172,0%
2025-03-10 02:41:00-07:00,20.730577396993407,11.406191640834011,353.94028935144723,-45.16865267862546,285633.13787523593,0%
2025-03-10 02:42:00-07:00,20.73831621053752,11.407709477781394,354.27685359748006,-45.188036773809436,285684.1276438837,0%
2025-03-10 02:43:00-07:00,20.746053845671415,11.409230614772024,354.61366291771253,-45.20622707101283,285735.00418977987,0%
2025-03-10 02:44:00-07:00,20.753790221039434,11.41075505293866,354.9507021171483,-45.22322207815801,285785.7674904342,0%
2025-03-10 02:45:00-07:00,20.76152525532592,11.412282793352105,355.28795592567394,-45.23902039611067,285836.4175250466,0%
2025-03-10 02:46:00-07:00,20.76925886723311,11.413813837021502,355.6254090028751,-45.25362071923155,285886.9542745092,0%
2025-03-10 02:47:00-07:00,20.7769909755032,11.415348184894073,355.9630459428346,-45.267021835888855,285937.3777214047,0%
2025-03-10 02:48:00-07:00,20.784721498904457,11.41688583785525,356.30085127904334,-45.27922262893736,285987.68785000837,0%
2025-03-10 02:49:00-07:00,20.79245035624524,11.418426796728719,356.6388094893184,-45.290222076158585,286037.8846462872,0%
2025-03-10 02:50:00-07:00,20.800177466357663,11.419971062276211,356.97690500080154,-45.30001925066576,286087.9680979034,0%
2025-03-10 02:51:00-07:00,20.807902748122245,11.421518635197746,357.31512219494596,-45.308613321268965,286137.9381942093,0%
2025-03-10 02:52:00-07:00,20.81562612044778,11.423069516131427,357.6534454126002,-45.316003552804865,286187.7949262537,0%
2025-03-10 02:53:00-07:00,20.823347502281898,11.424623705653595,357.9918589590875,-45.322189306426644,286237.53828677855,0%
2025-03-10 02:54:00-07:00,20.831066812616108,11.426181204278713,358.33034710930104,-45.32717003985572,286287.16827021947,0%
2025-03-10 02:55:00-07:00,20.838783970475898,11.427742012459424,358.6688941128813,-45.330945307595854,286336.6848727083,0%
2025-03-10 02:56:00-07:00,20.846498894928136,11.429306130586534,359.0074841993533,-45.33351476110707,286386.0880920706,0%
2025-03-10 02:57:00-07:00,20.85421150508797,11.430873558988937,359.3461015832998,-45.33487814894115,286435.3779278269,0%
2025-03-10 02:58:00-07:00,20.86192172010977,11.43244429793388,359.6847304695642,-45.335035316837974,286484.5543811952,0%
2025-03-10 02:59:00-07:00,20.869629459190445,11.434018347626534,0.023355058443477756,-45.33398620778275,286533.61745508725,0%
2025-03-10 03:00:00-07:00,20.877334641582124,11.435595708210368,0.36195955087264414,-45.331730862023534,286582.5671541111,0%
2025-03-10 03:01:00-07:00,20.885037186572248,11.437176379767015,0.7005281536576552,-45.32826941704973,286631.4034845709,0%
2025-03-10 03:02:00-07:00,20.89273701350131,11.438760362316177,1.0390450846332457,-45.32360210753139,286680.1264544668,0%
2025-03-10 03:03:00-07:00,20.900434041760263,11.44034765581585,1.3774945778742775,-45.31772926521889,286728.7360734961,0%
2025-03-10 03:04:00-07:00,20.908128190791526,11.441938260162036,1.7158608888559563,-45.31065131880408,286777.23235305067,0%
2025-03-10 03:05:00-07:00,20.91581938008033,11.44353217518906,2.0541282996254187,-45.30236879374147,286825.61530621914,0%
2025-03-10 03:06:00-07:00,20.92350752917797,11.44512940066925,2.392281123906053,-45.29288231203206,286873.88494778756,0%
2025-03-10 03:07:00-07:00,20.93119255767725,11.4467299363133,2.7303037122427103,-45.28219259196664,286922.0412942375,0%
2025-03-10 03:08:00-07:00,20.93887438523034,11.448333781769932,3.0681804570531246,-45.270300447832554,286970.0843637468,0%
2025-03-10 03:09:00-07:00,20.946552931546904,11.449940936626009,3.405895797680066,-45.25720678958133,287018.01417618856,0%
2025-03-10 03:10:00-07:00,20.95422811639471,11.45155140040675,3.743434225403991,-45.24291262245849,287065.8307531346,0%
2025-03-10 03:11:00-07:00,20.96189985958977,11.453165172575373,4.080780288419613,-45.22741904659587,287113.5341178504,0%
2025-03-10 03:12:00-07:00,20.96956808102606,11.454782252533446,4.417918596719996,-45.21072725656843,287161.1242952982,0%
2025-03-10 03:13:00-07:00,20.977232700636556,11.456402639620553,4.754833827017896,-45.19283854091127,287208.6013121366,0%
2025-03-10 03:14:00-07:00,20.984893638432496,11.458026333114658,5.091510727522148,-45.17375428160387,287255.9651967185,0%
2025-03-10 03:15:00-07:00,20.99255081447601,11.459653332231804,5.4279341227346745,-45.15347595351569,287303.2159790927,0%
2025-03-10 03:16:00-07:00,21.000204148903066,11.461283636126256,5.764088918117392,-45.13200512381952,287350.3536910033,0%
2025-03-10 03:17:00-07:00,21.007853561904792,11.462917243890557,6.099960104770019,-45.10934345136635,287397.3783658896,0%
2025-03-10 03:18:00-07:00,21.01549897374683,11.464554154555445,6.435532763971233,-45.08549268603022,287444.29003888473,0%
2025-03-10 03:19:00-07:00,21.02314030475821,11.46619436708985,6.7707920716926475,-45.06045466801695,287491.08874681615,0%
2025-03-10 03:20:00-07:00,21.03077747533122,11.467837880400966,7.105723303040978,-45.03423132713953,287537.77452820574,0%
2025-03-10 03:21:00-07:00,21.038410405939924,11.469484693334255,7.440311836578316,-45.006824682064874,287584.34742326866,0%
2025-03-10 03:22:00-07:00,21.04603901711542,11.471134804673401,7.774543158634146,-44.978236839523625,287630.8074739132,0%
2025-03-10 03:23:00-07:00,21.053663229469898,11.472788213140323,8.108402867467897,-44.948469993494136,287677.15472374036,0%
2025-03-10 03:24:00-07:00,21.061282963682267,11.474444917395306,8.441876677381979,-44.91752642435375,287723.38921804365,0%
2025-03-10 03:25:00-07:00,21.068898140511553,11.47610491603684,8.774950422746201,-44.8854084980008,287769.5110038089,0%
2025-03-10 03:26:00-07:00,21.076508680781444,11.477768207601672,9.107610061933737,-44.85211866494748,287815.5201297116,0%
2025-03-10 03:27:00-07:00,21.084114505404624,11.479434790564945,9.43984168113041,-44.81765945938828,287861.41664612055,0%
2025-03-10 03:28:00-07:00,21.091715535361654,11.481104663340053,9.77163149810567,-44.7820334982362,287907.2006050925,0%
2025-03-10 03:29:00-07:00,21.099311691713037,11.482777824278719,10.102965865844995,-44.74524348013663,287952.87206037546,0%
2025-03-10 03:30:00-07:00,21.10690289560211,11.48445427167099,10.4338312760944,-44.70729218445487,287998.43106740655,0%
2025-03-10 03:31:00-07:00,21.114489068249085,11.48613400374529,10.764214362804147,-44.668182470239174,288043.8776833099,0%
2025-03-10 03:32:00-07:00,21.122070130954377,11.487817018668366,11.09410190548912,-44.627917275158175,288089.21196689986,0%
2025-03-10 03:33:00-07:00,21.129646005110086,11.48950331454537,11.423480832440635,-44.58649961442041,288134.4339786764,0%
2025-03-10 03:34:00-07:00,21.13721661217945,11.491192889419807,11.752338223893174,-44.54393257966511,288179.5437808259,0%
2025-03-10 03:35:00-07:00,21.144781873722057,11.492885741273554,12.080661315019581,-44.500219337839795,288224.5414372213,0%
2025-03-10 03:36:00-07:00,21.15234171137332,11.494581868026977,12.408437498879232,-44.45536313005023,288269.4270134208,0%
2025-03-10 03:37:00-07:00,21.159896046867143,11.496281267538786,12.735654329203586,-44.40936727039814,288314.2005766662,0%
2025-03-10 03:38:00-07:00,21.167444802011964,11.497983937606188,13.062299523116641,-44.36223514479486,288358.8621958823,0%
2025-03-10 03:39:00-07:00,21.174987898716513,11.499689875964755,13.388360963711248,-44.31397020976233,288403.41194167786,0%
2025-03-10 03:40:00-07:00,21.18252525897944,11.501399080288689,13.71382670253142,-44.264575991215004,288447.8498863435,0%
2025-03-10 03:41:00-07:00,21.190056804881554,11.503111548190539,14.038684961952145,-44.21405608322547,288492.17610384885,0%
2025-03-10 03:42:00-07:00,21.197582458610167,11.504827277221361,14.362924137403732,-44.1624141467815,288536.3906698459,0%
2025-03-10 03:43:00-07:00,21.205102142431745,11.50654626487083,14.686532799552362,-44.10965390851954,288580.49366166454,0%
2025-03-10 03:44:00-07:00,21.21261577872228,11.50826850856703,15.009499696283687,-44.055779159458375,288624.4851583129,0%
2025-03-10 03:45:00-07:00,21.220123289940144,11.509994005676738,15.331813754667788,-44.00079375370649,288668.3652404764,0%
2025-03-10 03:46:00-07:00,21.22762459865184,11.511722753505127,15.653464082716182,-43.94470160717388,288712.1339905166,0%
2025-03-10 03:47:00-07:00,21.235119627510002,11.513454749296153,15.97443997111495,-43.88750669625939,288755.7914924706,0%
2025-03-10 03:48:00-07:00,21.242608299284797,11.515189990232233,16.294730894758008,-43.829213056544326,288799.3378320489,0%
2025-03-10 03:49:00-07:00,21.250090536824555,11.516928473434472,16.61432651426198,-43.76982478146161,288842.7730966356,0%
2025-03-10 03:50:00-07:00,21.257566263099065,11.51867019596265,16.93321667727616,-43.70934602097442,288886.09737528674,0%
2025-03-10 03:51:00-07:00,21.265035401165683,11.520415154815142,17.25139141976639,-43.64778098023389,288929.3107587286,0%
2025-03-10 03:52:00-07:00,21.27249787419553,11.522163346929092,17.568840967120536,-43.58513391824346,288972.41333935765,0%
2025-03-10 03:53:00-07:00,21.279953605458108,11.52391476918027,17.885555735190415,-43.52140914651102,289015.40521123825,0%
2025-03-10 03:54:00-07:00,21.28740251833496,11.525669418383282,18.20152633119682,-43.45661102770251,289058.28647010244,0%
2025-03-10 03:55:00-07:00,21.294844536306442,11.527427291291424,18.51674355456309,-43.3907439742864,289101.0572133482,0%
2025-03-10 03:56:00-07:00,21.302279582970172,11.529188384596743,18.83119839759122,-43.323812447186185,289143.71754003875,0%
2025-03-10 03:57:00-07:00,21.309707582023442,11.530952694930193,19.144882046088505,-43.25582095442089,289186.26755089936,0%
2025-03-10 03:58:00-07:00,21.317128457281317,11.532720218861366,19.457785879843318,-43.18677404975555,289228.70734831813,0%
2025-03-10 03:59:00-07:00,21.32454213267136,11.53449095289893,19.769901473030792,-43.11667633134499,289271.0370363445,0%
2025-03-10 04:00:00-07:00,21.33194853222241,11.536264893490266,20.081220594510803,-43.04553244038135,289313.2567206872,0%
2025-03-10 04:01:00-07:00,21.339347580087793,11.5380420370217,20.3917352080146,-42.97334705974576,289355.366508712,0%
2025-03-10 04:02:00-07:00,21.346739200533307,11.539822379818492,20.701437472247147,-42.90012491266072,289397.36650944274,0%
2025-03-10 04:03:00-07:00,21.354123317938058,11.541605918144827,21.010319740893724,-42.82587076134592,289439.25683355774,0%
2025-03-10 04:04:00-07:00,21.36149985679652,11.543392648203898,21.318374562527595,-42.750589405679364,289481.03759338835,0%
2025-03-10 04:05:00-07:00,21.36886874172977,11.545182566137855,21.625594680414096,-42.674285681867055,289522.7089029199,0%
2025-03-10 04:06:00-07:00,21.37622989746565,11.546975668027912,21.931973032263887,-42.596964461108314,289564.27087778604,0%
2025-03-10 04:07:00-07:00,21.383583248862053,11.548771949894356,22.237502749846332,-42.51863064828035,289605.72363527206,0%
2025-03-10 04:08:00-07:00,21.390928720891527,11.550571407696507,22.54217715855013,-42.43928918062196,289647.0672943091,0%
2025-03-10 04:09:00-07:00,21.398266238655424,11.552374037332877,22.845989776853106,-42.358945026426156,289688.3019754755,0%
2025-03-10 04:10:00-07:00,21.405595727368304,11.55417983464101,23.14893431571664,-42.27760318373954,289729.42780099326,0%
2025-03-10 04:11:00-07:00,21.412917112383116,11.555988795397727,23.451004677862592,-42.19526867908011,289770.44489472656,0%
2025-03-10 04:12:00-07:00,21.420230319164503,11.557800915319008,23.75219495703637,-42.111946566148006,289811.3533821819,0%
2025-03-10 04:13:00-07:00,21.427535273313346,11.559616190060074,24.052499437128855,-42.02764192456322,289852.1533905046,0%
2025-03-10 04:14:00-07:00,21.434831900552897,11.561434615215429,24.351912591268828,-41.94235985860215,289892.8450484772,0%
2025-03-10 04:15:00-07:00,21.442120126741923,11.563256186318853,24.65042908081508,-41.85610549595318,289933.42848651856,0%
2025-03-10 04:16:00-07:00,21.44939987785536,11.565080898843496,24.94804375432136,-41.76888398647162,289973.90383668215,0%
2025-03-10 04:17:00-07:00,21.45667108001681,11.566908748201785,25.244751646361514,-41.68070050096755,290014.2712326523,0%
2025-03-10 04:18:00-07:00,21.463933659467116,11.568739729745664,25.540547976374164,-41.591560229981596,290054.5308097454,0%
2025-03-10 04:19:00-07:00,21.471187542589956,11.57057383876639,25.835428147374692,-41.501468382594204,290094.68270490505,0%
2025-03-10 04:20:00-07:00,21.478432655899432,11.572411070494814,26.129387744645726,-41.4104301852364,290134.7270567028,0%
2025-03-10 04:21:00-07:00,21.485668926041228,11.574251420101161,26.422422534369122,-41.3184508805144,290174.66400533385,0%
2025-03-10 04:22:00-07:00,21.492896279803865,11.576094882695301,26.71452846216632,-41.22553572605896,290214.49369261716,0%
2025-03-10 04:23:00-07:00,21.50011464411042,11.577941453326622,27.0057016516326,-41.13168999337458,290254.2162619929,0%
2025-03-10 04:24:00-07:00,21.507323946026613,11.579791126984075,27.295938402782678,-41.03691896671473,290293.8318585189,0%
2025-03-10 04:25:00-07:00,21.514524112745075,11.581643898596408,27.58523519047652,-40.9412279419627,290333.3406288711,0%
2025-03-10 04:26:00-07:00,21.521715071616683,11.583499763031886,27.873588662755484,-40.84462222554157,290372.7427213401,0%
2025-03-10 04:27:00-07:00,21.52889675011883,11.585358715098605,28.160995639192137,-40.74710713332046,290412.03828582837,0%
2025-03-10 04:28:00-07:00,21.53606907588078,11.587220749544393,28.447453109138273,-40.648687989555945,290451.2274738506,0%
2025-03-10 04:29:00-07:00,21.54323197667447,11.5890858610569,28.73295822997319,-40.549370125836006,290490.31043852965,0%
2025-03-10 04:30:00-07:00,21.550385380415275,11.5909540442636,29.01750832528738,-40.44915888004899,290529.28733459435,0%
2025-03-10 04:31:00-07:00,21.557529215159875,11.592825293731817,29.301100883062766,-40.34805959535755,290568.158318378,0%
2025-03-10 04:32:00-07:00,21.564663409123206,11.594699603968847,29.58373355376567,-40.24607761920756,290606.92354781646,0%
2025-03-10 04:33:00-07:00,21.57178789065974,11.596576969421946,29.86540414846444,-40.1432183023339,290645.58318244567,0%
2025-03-10 04:34:00-07:00,21.578902588274232,11.598457384478397,30.14611063687958,-40.039486997796246,290684.1373833981,0%
2025-03-10 04:35:00-07:00,21.58600743062704,11.600340843465482,30.4258511454111,-39.934889060030066,290722.58631340263,0%
2025-03-10 04:36:00-07:00,21.593102346523697,11.602227340650636,30.704623955160546,-39.82942984390695,290760.9301367816,0%
2025-03-10 04:37:00-07:00,21.60018726492064,11.604116870241395,30.98242749989602,-39.72311470382416,290799.16901944723,0%
2025-03-10 04:38:00-07:00,21.607262114939218,11.606009426385475,31.259260364013386,-39.61594899280479,290837.3031289002,0%
2025-03-10 04:39:00-07:00,21.614326825841967,11.607905003170874,31.535121280491815,-39.50793806160945,290875.3326342278,0%
2025-03-10 04:40:00-07:00,21.621381327055353,11.609803594625813,31.81000912878987,-39.39908725788082,290913.2577061009,0%
2025-03-10 04:41:00-07:00,21.628425548163104,11.611705194718882,32.083922932758234,-39.289401925292985,290951.07851677126,0%
2025-03-10 04:42:00-07:00,21.635459418898744,11.613609797359004,32.356861858534366,-39.17888740271908,290988.79524007026,0%
2025-03-10 04:43:00-07:00,21.642482869162368,11.615517396395548,32.62882521239911,-39.06754902342613,291026.40805140516,0%
2025-03-10 04:44:00-07:00,21.64949582901301,11.617427985618324,32.89981243864975,-38.95539211427635,291063.91712775565,0%
2025-03-10 04:45:00-07:00,21.65649822866885,11.619341558757641,33.16982311744078,-38.84242199495456,291101.3226476753,0%
2025-03-10 04:46:00-07:00,21.66348999850563,11.621258109484446,33.43885696264538,-38.728643977201116,291138.6247912847,0%
2025-03-10 04:47:00-07:00,21.67047106907456,11.623177631410236,33.70691381966111,-38.61406336408245,291175.82374027045,0%
2025-03-10 04:48:00-07:00,21.677441371077325,11.625100118087229,33.973993663269724,-38.498685449254,291212.9196778846,0%
2025-03-10 04:49:00-07:00,21.684400835390743,11.627025563008308,34.240096595438686,-38.38251551626333,291249.9127889371,0%
2025-03-10 04:50:00-07:00,21.69134939305166,11.628953959607145,34.50522284315476,-38.26555883785575,291286.8032597993,0%
2025-03-10 04:51:00-07:00,21.698286975270655,11.630885301258285,34.769372756241275,-38.1478206753033,291323.591278396,0%
2025-03-10 04:52:00-07:00,21.70521351341525,11.632819581277047,35.03254680518747,-38.029306277746066,291360.2770342054,0%
2025-03-10 04:53:00-07:00,21.712128939040202,11.634756792919791,35.29474557894883,-37.91002088156317,291396.8607182568,0%
2025-03-10 04:54:00-07:00,21.719033183852957,11.636696929383831,35.555969782804624,-37.789969709736994,291433.34252312535,0%
2025-03-10 04:55:00-07:00,21.725926179746548,11.63863998380747,35.8162202361554,-37.669157971262436,291469.7226429316,0%
2025-03-10 04:56:00-07:00,21.73280785877411,11.640585949270179,36.07549787037953,-37.547590860548326,291506.0012733384,0%
2025-03-10 04:57:00-07:00,21.739678153170775,11.642534818792505,36.33380372665896,-37.425273556852446,291542.1786115463,0%
2025-03-10 04:58:00-07:00,21.746536995342233,11.64448658533636,36.59113895383559,-37.30221122372166,291578.2548562928,0%
2025-03-10 04:59:00-07:00,21.75338431787657,11.646441241804741,36.84750480625144,-37.17840900846052,291614.23020784836,0%
2025-03-10 05:00:00-07:00,21.760220053532855,11.64839878104209,37.10290264163547,-37.05387204159741,291650.10486801364,0%
2025-03-10 05:01:00-07:00,21.767044135245555,11.65035919583425,37.357333918965146,-36.92860543638388,291685.879040117,0%
2025-03-10 05:02:00-07:00,21.77385649613679,11.652322478908433,37.61080019634991,-36.802614288304866,291721.55292901065,0%
2025-03-10 05:03:00-07:00,21.78065706949848,11.654288622933452,37.86330312894405,-36.6759036745955,291757.12674106844,0%
2025-03-10 05:04:00-07:00,21.787445788810956,11.6562576205196,38.11484446684187,-36.54847865378885,291792.60068418225,0%
2025-03-10 05:05:00-07:00,21.794222587735984,11.658229464218909,38.3654260530108,-36.42034426526661,291827.9749677597,0%
2025-03-10 05:06:00-07:00,21.800987400116384,11.660204146525043,38.61504982123596,-36.29150552882657,291863.2498027209,0%
2025-03-10 05:07:00-07:00,21.80774015997442,11.66218165987342,38.863717794067774,-36.16196744427097,291898.42540149397,0%
2025-03-10 05:08:00-07:00,21.81448080152893,11.664161996641344,39.11143208079273,-36.03173499100597,291933.50197801436,0%
2025-03-10 05:09:00-07:00,21.821209259176133,11.66614514914797,39.358194875432126,-35.90081312764973,291968.47974771925,0%
2025-03-10 05:10:00-07:00,21.827925467500332,11.668131109654453,39.604008454740324,-35.769206791663926,292003.3589275467,0%
2025-03-10 05:11:00-07:00,21.834629361277315,11.670119870363887,39.84887517622677,-35.6369208989965,292038.13973592967,0%
2025-03-10 05:12:00-07:00,21.841320875470494,11.672111423421592,40.092797476202826,-35.50396034373447,292072.8223927962,0%
2025-03-10 05:13:00-07:00,21.847999945235046,11.674105760914943,40.33577786784334,-35.370329997773354,292107.407119563,0%
2025-03-10 05:14:00-07:00,21.85466650591629,11.676102874873582,40.577818939260105,-35.23603471050348,292141.8941391348,0%
2025-03-10 05:15:00-07:00,21.861320493050474,11.678102757269443,40.81892335161916,-35.10107930849716,292176.2836758982,0%
2025-03-10 05:16:00-07:00,21.867961842366398,11.680105400016867,41.05909383725179,-34.96546859522289,292210.57595572114,0%
2025-03-10 05:17:00-07:00,21.874590489792233,11.682110794972612,41.29833319779473,-34.82920735076828,292244.7712059475,0%
2025-03-10 05:18:00-07:00,21.88120637145006,11.684118933935874,41.53664430236074,-34.692300331570614,292278.8696553948,0%
2025-03-10 05:19:00-07:00,21.887809423655575,11.686129808648634,41.77403008572655,-34.55475227016126,292312.87153435155,0%
2025-03-10 05:20:00-07:00,21.89439958292765,11.688143410795355,42.01049354653496,-34.41656787492789,292346.7770745713,0%
2025-03-10 05:21:00-07:00,21.900976785974866,11.690159732003282,42.246037745530494,-34.27775182988121,292380.5865092714,0%
2025-03-10 05:22:00-07:00,21.907540969714805,11.692178763842541,42.480665803808854,-34.1383087944388,292414.30007312895,0%
2025-03-10 05:23:00-07:00,21.914092071261578,11.694200497826024,42.714380901097435,-33.99824340321574,292447.9180022772,0%
2025-03-10 05:24:00-07:00,21.920630027924553,11.696224925409723,42.947186274058886,-33.857560265826095,292481.4405343006,0%
2025-03-10 05:25:00-07:00,21.927154777233756,11.698252037992528,43.17908521459244,-33.71626396671093,292514.8679082353,0%
2025-03-10 05:26:00-07:00,21.93366625690113,11.700281826916596,43.41008106821242,-33.57435906494492,292548.20036456065,0%
2025-03-10 05:27:00-07:00,21.940164404858944,11.702314283467157,43.6401772323912,-33.431850094089,292581.4381451981,0%
2025-03-10 05:28:00-07:00,21.94664915923588,11.704349398872784,43.86937715497219,-33.28874156202542,292614.58149350784,0%
2025-03-10 05:29:00-07:00,21.953120458377715,11.706387164305427,44.09768433256586,-33.145037950827856,292647.63065428566,0%
2025-03-10 05:30:00-07:00,21.95957824082564,11.708427570880408,44.32510230902149,-33.0007437166098,292680.58587375534,0%
2025-03-10 05:31:00-07:00,21.966022445340514,11.710470609656662,44.55163467386155,-32.85586328942023,292713.4473995709,0%
2025-03-10 05:32:00-07:00,21.97245301088306,11.712516271636613,44.777285060799684,-32.71040107311221,292746.2154808071,0%
2025-03-10 05:33:00-07:00,21.97886987663273,11.714564547766518,45.00205714623345,-32.564361445251166,292778.8903679604,0%
2025-03-10 05:34:00-07:00,21.985272981979104,11.716615428936304,45.2259546477934,-32.417748757012596,292811.47231294186,0%
2025-03-10 05:35:00-07:00,21.99166226652351,11.718668905979783,45.44898132290594,-32.27056733309469,292843.96156907483,0%
2025-03-10 05:36:00-07:00,21.998037670077462,11.720724969674752,45.67114096737945,-32.12282147164015,292876.3583910917,0%
2025-03-10 05:37:00-07:00,22.00439913267568,11.722783610742988,45.89243741400624,-31.974515444172386,292908.6630351278,0%
2025-03-10 05:38:00-07:00,22.01074659455942,11.724844819850437,46.11287453121676,-31.825653495520935,292940.87575871963,0%
2025-03-10 05:39:00-07:00,22.017079996193644,11.726908587607243,46.33245622172024,-31.67623984377994,292972.9968208011,0%
2025-03-10 05:40:00-07:00,22.023399278260094,11.728974904567805,46.55118642119628,-31.52627868025659,293005.02648169745,0%
2025-03-10 05:41:00-07:00,22.02970438165851,11.731043761231057,46.76906909700204,-31.375774169432425,293036.96500312217,0%
2025-03-10 05:42:00-07:00,22.03599524750287,11.73311514804023,46.986108246909396,-31.224730448928465,293068.8126481744,0%
2025-03-10 05:43:00-07:00,22.042271817140993,11.735189055383266,47.20230789783413,-31.073151629498337,293100.56968133483,0%
2025-03-10 05:44:00-07:00,22.048534032129638,11.73726547359271,47.41767210465029,-30.92104179498706,293132.23636845814,0%
2025-03-10 05:45:00-07:00,22.054781834252466,11.739344392945945,47.63220494896796,-30.76840500233731,293163.81297677365,0%
2025-03-10 05:46:00-07:00,22.06101516552453,11.741425803665136,47.845910537957465,-30.615245281586798,293195.29977487866,0%
2025-03-10 05:47:00-07:00,22.067233968172815,11.743509695917442,48.05879300321486,-30.461566635859405,293226.69703273405,0%
2025-03-10 05:48:00-07:00,22.073438184659185,11.745596059815078,48.27085649961408,-30.307373041387763,293258.0050216613,0%
2025-03-10 05:49:00-07:00,22.079627757671023,11.747684885415424,48.48210520420929,-30.152668447523062,293289.2240143386,0%
2025-03-10 05:50:00-07:00,22.085802630122096,11.749776162721059,48.69254331515408,-29.997456776754703,293320.3542847951,0%
2025-03-10 05:51:00-07:00,22.09196274514993,11.751869881679935,48.90217505063407,-29.84174192474216,293351.3961084069,0%
2025-03-10 05:52:00-07:00,22.098108046134676,11.753966032185529,49.11100464782591,-29.68552776034948,293382.3497618959,0%
2025-03-10 05:53:00-07:00,22.104238476672958,11.756064604076757,49.31903636189497,-29.528818125673368,293413.2155233207,0%
2025-03-10 05:54:00-07:00,22.11035398060222,11.758165587138246,49.52627446498211,-29.371616836100056,293443.9936720755,0%
2025-03-10 05:55:00-07:00,22.11645450199254,11.76026897110036,49.732723245238425,-29.213927680348363,293474.68448888505,0%
2025-03-10 05:56:00-07:00,22.122539985143707,11.76237474563939,49.93838700587698,-29.05575442052059,293505.2882558009,0%
2025-03-10 05:57:00-07:00,22.12861037458408,11.76448290037751,50.14327006424082,-28.89710079216214,293535.8052561942,0%
2025-03-10 05:58:00-07:00,22.134665615096477,11.766593424882988,50.34737675087385,-28.73797050433947,293566.2357747564,0%
2025-03-10 05:59:00-07:00,22.140705651681213,11.768706308670343,50.550711408665805,-28.578367239681718,293596.5800974906,0%
2025-03-10 06:00:00-07:00,22.146730429586604,11.77082154120028,50.75327839195527,-28.418294654474824,293626.83851170755,0%
2025-03-10 06:01:00-07:00,22.15273989429917,11.772939111879978,50.95508206569235,-28.257756378729173,293657.01130602346,0%
2025-03-10 06:02:00-07:00,22.15873399153865,11.775059010063083,51.15612680461065,-28.096756016259828,293687.09877035307,0%
2025-03-10 06:03:00-07:00,22.164712667268038,11.777181225049901,51.356416992417266,-27.93529714477186,293717.1011959071,0%
2025-03-10 06:04:00-07:00,22.17067586769767,11.77930574608744,51.55595702099784,-27.773383315953232,293747.0188751859,0%
2025-03-10 06:05:00-07:00,22.176623539274175,11.781432562369504,51.75475128965301,-27.61101805556164,293776.852101977,0%
2025-03-10 06:06:00-07:00,22.18255562868499,11.78356166303699,51.95280420435164,-27.448204863516267,293806.601171348,0%
2025-03-10 06:07:00-07:00,22.188472082870586,11.785693037177714,52.15012017698104,-27.28494721401117,293836.266379644,0%
2025-03-10 06:08:00-07:00,22.194372849006673,11.78782667382681,52.3467036246555,-27.121248555599017,293865.8480244819,0%
2025-03-10 06:09:00-07:00,22.200257874522638,11.789962561966645,52.54255896900226,-26.9571123113116,293895.3464047462,0%
2025-03-10 06:10:00-07:00,22.20612710709378,11.792100690526995,52.7376906354919,-26.79254187876173,293924.76182058407,0%
2025-03-10 06:11:00-07:00,22.211980494641182,11.794241048385254,52.93210305277932,-26.627540630253577,293954.09457340103,0%
2025-03-10 06:12:00-07:00,22.217817985334513,11.7963836243664,53.12580065206142,-26.462111912896887,293983.344965856,0%
2025-03-10 06:13:00-07:00,22.2236395275978,11.798528407243232,53.318787866439905,-26.296259048733603,294012.51330185594,0%
2025-03-10 06:14:00-07:00,22.229445070101708,11.800675385736465,53.51106913033193,-26.12998533484138,294041.5998865515,0%
2025-03-10 06:15:00-07:00,22.23523456176894,11.802824548514806,53.70264887886659,-25.963294043465456,294070.6050263329,0%
2025-03-10 06:16:00-07:00,22.2410079517803,11.804975884195137,53.89353154730753,-25.79618842214468,294099.5290288247,0%
2025-03-10 06:17:00-07:00,22.24676518956362,11.807129381342618,54.08372157050316,-25.62867169383007,294128.3722028793,0%
2025-03-10 06:18:00-07:00,22.25250622479924,11.809285028470827,54.273223382339786,-25.46074705701647,294157.1348585752,0%
2025-03-10 06:19:00-07:00,22.258231007439502,11.81144281404181,54.46204141520132,-25.29241768588466,294185.81730720977,0%
2025-03-10 06:20:00-07:00,22.263939487671532,11.813602726466339,54.65018009947872,-25.123686730414978,294214.4198612942,0%
2025-03-10 06:21:00-07:00,22.269631615953998,11.815764754103936,54.83764386305686,-24.954557316536043,294242.94283455034,0%
2025-03-10 06:22:00-07:00,22.275307343000424,11.817928885263044,55.024437130838,-24.785032546256325,294271.3865419044,0%
2025-03-10 06:23:00-07:00,22.280966619785776,11.820095108201164,55.21056432427147,-24.61511549780447,294299.7512994819,0%
2025-03-10 06:24:00-07:00,22.28660939753664,11.822263411124954,55.396029860908875,-24.44480922576166,294328.0374246024,0%
2025-03-10 06:25:00-07:00,22.29223562775485,11.824433782190432,55.58083815394704,-24.27411676121887,294356.24523577734,0%
2025-03-10 06:26:00-07:00,22.29784526219242,11.826606209503012,55.764993611824764,-24.103041111899962,294384.3750526995,0%
2025-03-10 06:27:00-07:00,22.303438252864908,11.828780681117687,55.94850063779362,-23.9315852623215,294412.4271962432,0%
2025-03-10 06:28:00-07:00,22.30901455206299,11.83095718503924,56.131363629523236,-23.75975217393515,294440.401988456,0%
2025-03-10 06:29:00-07:00,22.314574112328003,11.833135709222235,56.313586978727436,-23.587544785263905,294468.29975255555,0%
2025-03-10 06:30:00-07:00,22.320116886476274,11.835316241571258,56.495175070776355,-23.414966012064347,294496.1208129219,0%
2025-03-10 06:31:00-07:00,22.325642827589334,11.837498769941037,56.6761322843454,-23.24201874746753,294523.8654950954,0%
2025-03-10 06:32:00-07:00,22.331151889014844,11.839683282136576,56.85646299106453,-23.068705862132408,294551.53412576934,0%
2025-03-10 06:33:00-07:00,22.336644024364105,11.841869765913279,57.03617155519118,-22.89503020438903,294579.12703278457,0%
2025-03-10 06:34:00-07:00,22.342119187528887,11.844058208977113,57.2152623332726,-22.720994600404275,294606.6445451257,0%
2025-03-10 06:35:00-07:00,22.347577332661402,11.846248598984792,57.39373967384729,-22.5466018543222,294634.08699291555,0%
2025-03-10 06:36:00-07:00,22.353018414192256,11.848440923543809,57.57160791713804,-22.371854748424408,294661.4547074085,0%
2025-03-10 06:37:00-07:00,22.35844238681798,11.85063517021271,57.74887139477036,-22.196756043277034,294688.7480209858,0%
2025-03-10 06:38:00-07:00,22.363849205508988,11.852831326501112,57.92553442948723,-22.021308477893324,294715.967267151,0%
2025-03-10 06:39:00-07:00,22.369238825509964,11.855029379870048,58.1016013348881,-21.84551476988295,294743.1127805242,0%
2025-03-10 06:40:00-07:00,22.374611202347452,11.857229317731868,58.277076415164885,-21.669377615616106,294770.1848968359,0%
2025-03-10 06:41:00-07:00,22.379966291811186,11.85943112745057,58.45196396487175,-21.49289969036432,294797.18395292235,0%
2025-03-10 06:42:00-07:00,22.385304049977155,11.861634796341885,58.626268268671524,-21.316083648475292,294824.1102867192,0%
2025-03-10 06:43:00-07:00,22.39062443319273,11.863840311673458,58.799993601123155,-21.13893212351697,294850.9642372579,0%
2025-03-10 06:44:00-07:00,22.39592739808945,11.86604766066497,58.97314422645981,-20.961447728441605,294877.7461446584,0%
2025-03-10 06:45:00-07:00,22.401212901567934,11.868256830488265,59.14572439839162,-20.78363305573433,294904.45635012357,0%
2025-03-10 06:46:00-07:00,22.406480900822768,11.870467808267627,59.317738359892694,-20.605490677587692,294931.09519593534,0%
2025-03-10 06:47:00-07:00,22.4117313533165,11.8726805810798,59.48919034303325,-20.42702314603997,294957.66302544705,0%
2025-03-10 06:48:00-07:00,22.416964216797165,11.874895135954247,59.66008456878944,-20.24823299314544,294984.1601830792,0%
2025-03-10 06:49:00-07:00,22.422179449303055,11.877111459873257,59.830425246873006,-20.069122731133483,295010.5870143149,0%
2025-03-10 06:50:00-07:00,22.42737700914421,11.879329539772074,60.00021657557719,-19.889694852560115,295036.94386569026,0%
2025-03-10 06:51:00-07:00,22.432556854920133,11.881549362539166,60.16946274162307,-19.709951830467485,295063.23108479404,0%
2025-03-10 06:52:00-07:00,22.437718945516643,11.88377091501627,60.338167920011465,-19.52989611854662,295089.4490202567,0%
2025-03-10 06:53:00-07:00,22.44286324010673,11.88599418399867,60.506336273888635,-19.349530151293653,295115.59802174935,0%
2025-03-10 06:54:00-07:00,22.447989698141328,11.888219156235253,60.67397195442578,-19.168856344160424,295141.67843997467,0%
2025-03-10 06:55:00-07:00,22.453098279372856,11.890445818428718,60.84107910068274,-18.987877093729285,295167.6906266629,0%
2025-03-10 06:56:00-07:00,22.458188943830812,11.892674157235826,61.007661839514846,-18.806594777850314,295193.6349345655,0%
2025-03-10 06:57:00-07:00,22.4632616518354,11.894904159267437,61.173724285451854,-18.625011755815894,295219.5117174494,0%
2025-03-10 06:58:00-07:00,22.46831636400176,11.897135811088708,61.339270540608716,-18.443130368509085,295245.32133009087,0%
2025-03-10 06:59:00-07:00,22.4733530412361,11.899369099219392,61.50430469459053,-18.26095293856506,295271.06412827136,0%
